伝票ＮＯ,変更日,仕上日,仕上日１,納品日,納品日１,確定仕上日,受注日,区分,分類,営業,担当,所,得意先,品名,サイズ,確定サイズ,確認SCD,サイズ印,確認完了,頁数,確定頁数,部数,確定部数,確定部数予備,下版予定１,下版予定１１,下版完了１,確認HCD１,版下印１,製版予定１,製版予定１１,製版完了１,確認SECD１,製版印１,印刷予定１,印刷予定１１,印刷完了１,確認ICD１,印刷印１,仕上完了１,確認SICD１,仕上印１,内容１,印刷種別１,印刷機１,色１,下版予定２,下版予定１２,下版完了２,確認HCD２,版下印２,製版予定２,製版予定１２,製版完了２,確認SECD２,製版印２,印刷予定２,印刷予定１２,印刷完了２,確認ICD２,印刷印２,内容２,印刷種別２,印刷機２,色２,下版予定３,下版予定１３,下版完了３,確認HCD３,版下印３,製版予定３,製版予定１３,製版完了３,確認SECD３,製版印３,印刷予定３,印刷予定１３,印刷完了３,確認ICD３,印刷印３,内容３,印刷種別３,印刷機３,色３,下版予定４,下版予定１４,下版完了４,確認HCD４,版下印４,製版予定４,製版予定１４,製版完了４,確認SECD４,製版印４,印刷予定４,印刷予定１４,印刷完了４,確認ICD４,印刷印４,内容４,印刷種別４,印刷機４,色４,下版予定５,下版予定１５,下版完了５,確認HCD５,版下印５,製版予定５,製版予定１５,製版完了５,確認SECD５,製版印５,印刷予定５,印刷予定１５,印刷完了５,確認ICD５,印刷印５,内容５,印刷種別５,印刷機５,色５,下版予定６,下版予定１６,下版完了６,確認HCD６,版下印６,製版予定６,製版予定１６,製版完了６,確認SECD６,製版印６,印刷予定６,印刷予定１６,印刷完了６,確認ICD６,印刷印６,内容６,印刷種別６,印刷機６,色６,下版予定７,下版予定１７,下版完了７,確認HCD７,版下印７,製版予定７,製版予定１７,製版完了７,確認SECD７,製版印７,印刷予定７,印刷予定１７,印刷完了７,確認ICD７,印刷印７,断裁完了７,確認DCD７,断裁印７,内容７,印刷種別７,印刷機７,色７,備考,仕上出力済
305155,R 4/ 3/22 13:26,,,,,,H30/ 9/ 4,2,冊子,71,下田,8,熊日サービス開発㈱,天野廣行文集Ⅰ (農を歩けば日本が見える),188*128,,,,,,,,,,,,,,,,,,,,,,,,,,,,本文,,,,,,,,,,,,,,,,,,,,,,,,,,,,,,,,,,,,,,,,,,,,,,,,,,,,,,,,,,,,,,,,,,,,,,,,,,,,,,,,,,,,,,,,,,,,,,,,,,,,,,,,,,,,,,,,,,,,,,,,,"★★★コピー伝票　
R3年12月現在保留中　R4年3月現在保留中　",
900897,R 4/ 3/22 14:34,H23/ 4/11,,,,,H23/ 3/24,2,冊子,45,藤本,3,山鹿市役所,<文化課> 埋蔵文化財報告印刷（山鹿市文化財調査報告 第13集「八の峰遺跡」）,Ａ４,,,,,80,,300,,,,,,,,,,,,,,,,,,,,,,,,,,,,,,,,,,,,,,,,,,,,,,,,,,,,,,,,,,,,,,,,,,,,,,,,,,,,,,,,,,,,,,,,,,,,,,,,,,,,,,,,,,,,,,,,,,,,,,,,,,,,,,,,,,,,,,,,,,,,,,R3年12月現在保留中　R4年3月現在保留中,
306704,R 4/ 3/22 13:21,,,,,,,2,冊子,20,河野,6,㈱マインド,<牛尾まこ様> 自叙伝,,,,,,,,,,,,,,,,,,,,,,,,,,,,,,,,,,,,,,,,,,,,,,,,,,,,,,,,,,,,,,,,,,,,,,,,,,,,,,,,,,,,,,,,,,,,,,,,,,,,,,,,,,,,,,,,,,,,,,,,,,,,,,,,,,,,,,,,,,,,,,,,,,,,,,"★★★コピー伝票　Ｈ26年2月予定　Ｈ28年12月現在入稿未　R1年12月現在保留中　R2年11月現在保留中　R3年3月現在保留中
R4年3月現在保留中",
903497,R 4/ 3/22 14:26,H27/ 8/30,,,,,H27/ 5/18,2,冊子,41,塚本,3,小川 道雄,<市立貝塚病院総長> 貝塚の日々 (2009～2015),Ｂ５,,,,,385,,500,,,,,,,,,,,,,,,,,,,,,,,,,,,,,,,,,,,,,,,,,,,,,,,,,,,,,,,,,,,,,,,,,,,,,,,,,,,,,,,,,,,,,,,,,,,,,,,,,,,,,,,,,,,,,,,,,,,,,,,,,,,,,,,,,,,,,,,,,,,,,,R3年12月現在保留中　R4年3月現在保留中,
2308431,R 4/ 3/22 15:10,,,,,,,2,冊子,83,本田,5,銀山書房,大分県の城郭,Ｂ５,,,,,320,,1500,,,,,,,,,,,,,,,,,,,,,,,,,,,,,,,,,,,,,,,,,,,,,,,,,,,,,,,,,,,,,,,,,,,,,,,,,,,,,,,,,,,,,,,,,,,,,,,,,,,,,,,,,,,,,,,,,,,,,,,,,,,,,,,,,,,,,,,,,,,,,,★★★コピー伝票。R3年12月現在保留中　R4年3月現在保留中,
9200039,R 4/ 3/22 15: 8,,,,,,,2,冊子,81,下田,5,海鳥社,仮・南無の会,,,,,,,,,,,,,,,,,,,,,,,,,,,,,,,,,,,,,,,,,,,,,,,,,,,,,,,,,,,,,,,,,,,,,,,,,,,,,,,,,,,,,,,,,,,,,,,,,,,,,,,,,,,,,,,,,,,,,,,,,,,,,,,,,,,,,,,,,,,,,,,,,,,,,,★★★コピー伝票。R3年12月現在保留中　R4年3月現在保留中,
9200045,R 4/ 3/22 15: 8,,,,,,,2,冊子,81,下田,,海鳥社,仮・ほつほつ たどる,,,,,,,,,,,,,,,,,,,,,,,,,,,,,,,,,,,,,,,,,,,,,,,,,,,,,,,,,,,,,,,,,,,,,,,,,,,,,,,,,,,,,,,,,,,,,,,,,,,,,,,,,,,,,,,,,,,,,,,,,,,,,,,,,,,,,,,,,,,,,,,,,,,,,,★★★コピー伝票。R3年12月現在保留中　R4年3月現在保留中,
9200149,R 4/ 3/22 15: 8,,,,,,,2,冊子,81,下田,,海鳥社,立花宗茂,,,,,,,,,,,,,,,,,,,,,,,,,,,,,,,,,,,,,,,,,,,,,,,,,,,,,,,,,,,,,,,,,,,,,,,,,,,,,,,,,,,,,,,,,,,,,,,,,,,,,,,,,,,,,,,,,,,,,,,,,,,,,,,,,,,,,,,,,,,,,,,,,,,,,,★★★コピー伝票。R3年12月現在保留中　R4年3月現在保留中,
2000700,R 4/ 3/22 13:26,,5_午後中,,,,,2,冊子,71,下田,,熊日サービス開発㈱,（仮）林（宮本）恭子　詩集,四六,,,,,,,,,,,,,,,,,,,,,,,,,,,,,,,,,,,,,,,,,,,,,,,,,,,,,,,,,,,,,,,,,,,,,,,,,,,,,,,,,,,,,,,,,,,,,,,,,,,,,,,,,,,,,,,,,,,,,,,,,,,,,,,,,,,,,,,,,,,,,,,,,,,,,"★★★コピー伝票
R3年12月現在保留中　R4年3月現在保留中　",
2000742,R 4/ 3/18  7:16,R 4/ 3/23,5_午後中,R 4/ 3/23,5_午後中,,R 4/ 3/11,2,冊子,20,河野,,㈱マインド,<熊本機能病院様> ごめん　もうあるけん,Ａ5規格,Ａ5規格,17,林田真,R 4/ 1/19,138,138,1000,1000,,R 4/ 3/16,2_午前中,R 4/ 3/16,32,内田,R 4/ 3/16,5_午後中,R 4/ 3/17,23,江藤,R 4/ 3/17,,R 4/ 3/18,77,鈴木,,,,本文,Ａ１,菊全機,2+2,R 4/ 3/16,2_午前中,R 4/ 3/16,32,内田,R 4/ 3/16,5_午後中,R 4/ 3/17,23,江藤,R 4/ 3/17,,R 4/ 3/17,77,鈴木,表紙,菊半,単色機,1+0,R 4/ 3/16,2_午前中,R 4/ 3/16,32,内田,R 4/ 3/16,5_午後中,R 4/ 3/17,23,江藤,R 4/ 3/17,,R 4/ 3/17,76,松岡,カバー,菊半,４色機,4+0,R 4/ 3/16,2_午前中,R 4/ 3/16,32,内田,R 4/ 3/16,5_午後中,R 4/ 3/17,23,江藤,R 4/ 3/17,,R 4/ 3/17,76,松岡,帯,菊半,４色機,4+0,,,R 4/ 3/16,32,内田,,,R 4/ 3/17,23,江藤,R 4/ 3/17,,R 4/ 3/17,77,鈴木,本文,Ａ２,単色機,1+1,,,,,,,,,,,,,,,,,,,,,,,,,,,,,,,,,,,,,,,,,,"オンデマンド
★3/18朝、カバー透明PP加工　シャイニングへ　外注受取3/19午前
3/24朝、マインド様受取来社
￥

★最終校正用としてオンデマンドで出力、製本した状態で提出です。3部必要。1/22済",
6001406,R 4/ 3/22 14:39,,5_午後中,,,,,2,冊子,55,小川,,博文舎,<三陽株式会社様>　80年史　テスト組,,,,,,,,,,,,,,,,,,,,,,,,,,,,,,,,,,,,,,,,,,,,,,,,,,,,,,,,,,,,,,,,,,,,,,,,,,,,,,,,,,,,,,,,,,,,,,,,,,,,,,,,,,,,,,,,,,,,,,,,,,,,,,,,,,,,,,,,,,,,,,,,,,,,,,"★★★コピー伝票
糸かがり上製本（外注先　未）
R3年12月現在保留中　R4年3月現在保留中",
9200365,R 4/ 3/22 15: 8,R 1/12/20,3_３時,,,,R 1/11/18,2,冊子,81,下田,,㈱富士印刷社 (久山カントリー倶楽部),Yardage Book,タテ145×ヨコ85,,,,,40,,300,,,,,,,,,,,,,,,,,,,,,本文,,,,,,,,,,,,,,,,,,,,,,,,,,,,,,,,,,,,,,,,,,,,,,,,,,,,,,,,,,,,,,,,,,,,,,,,,,,,,,,,,,,,,,,,,,,,,,,,,,,,,,,,,,,,,,,,,,,,,,,,,"中綴じ（社内）
R3年12月現在保留中　R4年3月現在保留中",
2001227,R 3/12/20 17:17,,5_午後中,,,,,2,冊子,20,河野,,㈱マインド,<大分記念病院様> 職員ハンドブック手帳,タテ102×ヨコ68,タテ102×ヨコ68,17,林田真,R 2/ 2/ 5,,,200,200,,,,,,,,,,,,,,,,,,,,,,,,,,,,,,,,,,,,,,,,,,,,,,,,,,,,,,,,,,,,,,,,,,,,,,,,,,,,,,,,,,,,,,,,,,,,,,,,,,,,,,,,,,,,,,,,,,,,,,,,,,,,,,,,,,,,,,,,,,,,,R3年3月現在保留中　R3年12月現在保留中,
2001250,R 4/ 3/22 13:21,,5_午後中,,,,,2,冊子,20,河野,,㈱マインド,<松島建設様> 早尾園・八祥苑　新施設落成記念誌,,,,,,,,,,,,,,,,,,,,,,,,,,,,,,,,,,,,,,,,,,,,,,,,,,,,,,,,,,,,,,,,,,,,,,,,,,,,,,,,,,,,,,,,,,,,,,,,,,,,,,,,,,,,,,,,,,,,,,,,,,,,,,,,,,,,,,,,,,,,,,,,,,,,,,"★★★コピー伝票
R3年3月現在保留中　R3年12月現在保留中　R4年3月現在保留中",
6001637,R 4/ 3/22 14:39,R 2/ 3/31,5_午後中,,,,R 2/ 3/ 6,2,冊子,55,小川,,昭和印刷,<千葉県建設業協会様> 公共工事管理のパワーアップ講義　第1日目,Ａ4規格,,,,,40,,200,,,,,,,,,,,,,,,,,,,,,本文,,,,,,,,,,,,,,,,,,,,,,,,,,,,,,,,,,,,,,,,,,,,,,,,,,,,,,,,,,,,,,,,,,,,,,,,,,,,,,,,,,,,,,,,,,,,,,,,,,,,,,,,,,,,,,,,,,,,,,,,,"中綴じ（社内）

R3年12月現在保留中　R4年3月現在保留中",
6001664,R 4/ 3/22 14:39,R 2/ 3/31,5_午後中,,,,R 2/ 3/ 6,2,冊子,55,小川,,昭和印刷,<千葉県建設業協会様> 公共工事管理のパワーアップ講義　第2日目,Ａ4規格,,,,,40,,200,,,,,,,,,,,,,,,,,,,,,本文,,,,,,,,,,,,,,,,,,,,,,,,,,,,,,,,,,,,,,,,,,,,,,,,,,,,,,,,,,,,,,,,,,,,,,,,,,,,,,,,,,,,,,,,,,,,,,,,,,,,,,,,,,,,,,,,,,,,,,,,,"中綴じ（社内）

R3年12月現在保留中　R4年3月現在保留中",
6001672,R 4/ 3/22 14:39,R 2/ 3/31,5_午後中,,,,R 2/ 3/ 6,2,冊子,55,小川,,昭和印刷,<千葉県建設業協会様> 公共工事管理のパワーアップ講義　第3日目,Ａ4規格,,,,,40,,200,,,,,,,,,,,,,,,,,,,,,本文,,,,,,,,,,,,,,,,,,,,,,,,,,,,,,,,,,,,,,,,,,,,,,,,,,,,,,,,,,,,,,,,,,,,,,,,,,,,,,,,,,,,,,,,,,,,,,,,,,,,,,,,,,,,,,,,,,,,,,,,,"中綴じ（社内）

R3年12月現在保留中　R4年3月現在保留中",
2001288,R 3/12/20 17:17,R 2/ 4/17,5_午後中,,5_午後中,,R 2/ 4/10,2,冊子,10,自家用,,自家用,給与規定,Ａ4規格,Ａ4規格,17,林田真,R 2/ 4/10,12,12,70,70,＋,,,,,,,,,,,,,,,,,,,本文,,オンデマンド,,,,,,,,,,,,,,,,,表紙,,オンデマンド,,,,,,,,,,,,,,,,,,,,,,,,,,,,,,,,,,,,,,,,,,,,,,,,,,,,,,,,,,,,,,,,,,,,,,,,,,,,,,,,,,,,,,,,,,,,,,,,,,,,オンデマンド,
6001831,R 4/ 3/22 14:27,R 2/ 7/29,5_午後中,,,,R 2/ 7/ 1,2,冊子,41,塚本,,山口 浩輔,くまもと千夜一夜めぐり,タテ173×ヨコ105　新書版,,,,,220,,300,,,,,,,,,,,,,,,,,,,,,本文,,,,,,,,,,,,,,,,,,,表紙,,,,,,,,,,,,,,,,,,,カバー,,,,,,,,,,,,,,,,,,,,,,,,,,,,,,,,,,,,,,,,,,,,,,,,,,,,,,,,,,,,,,,,,,,,,,,,,,,,,,,,,,,"組版＿マインドさん
R4年5月納品予定　",
2001448,R 4/ 3/22 13:12,R 2/11/30,2_午前中,,,,R 2/10/27,2,冊子,72,内村,,青海苑,青海苑グループ事業・施設概要説明書,Ａ4規格,,,,,16,,1000,,,,,,,,,,,,,,,,,,,,,本文,,,,,,,,,,,,,,,,,,,表紙,,,,,,,,,,,,,,,,,,,,,,,,,,,,,,,,,,,,,,,,,,,,,,,,,,,,,,,,,,,,,,,,,,,,,,,,,,,,,,,,,,,,,,,,,,,,,,,,,,,,,,R4年3月現在保留中,
9200567,R 4/ 3/22 15: 8,,5_午後中,,,,,2,冊子,81,下田,,花乱社,佐久間　種のうた,Ａ5規格,,,,,104,,,,,,,,,,,,,,,,,,,,,,,,,,,,,,,,,,,,,,,,,,,,,,,,,,,,,,,,,,,,,,,,,,,,,,,,,,,,,,,,,,,,,,,,,,,,,,,,,,,,,,,,,,,,,,,,,,,,,,,,,,,,,,,,,,,,,,,,,,,,,,,,"★★★コピー伝票

R3年12月現在保留中　R4年3月現在保留中",
9200575,R 4/ 3/22 15: 8,,5_午後中,,,,,2,冊子,81,下田,,海鳥社,思い出の記録,,,,,,,,,,,,,,,,,,,,,,,,,,,,,,,,,,,,,,,,,,,,,,,,,,,,,,,,,,,,,,,,,,,,,,,,,,,,,,,,,,,,,,,,,,,,,,,,,,,,,,,,,,,,,,,,,,,,,,,,,,,,,,,,,,,,,,,,,,,,,,,,,,,,,,"★★★コピー伝票

R3年12月現在保留中　R4年3月現在保留中",
2001604,R 3/12/20 17:17,,5_午後中,,,,R 3/ 5/11,2,冊子,20,宮本,,自家用,くまもと経済　社内テスト　（コロナウイルス感染リスク対応）,,,,,,,,,0,＋,,,,,,,,,,,,,,,,,,,,,,,,,,,,,,,,,,,,,,,,,,,,,,,,,,,,,,,,,,,,,,,,,,,,,,,,,,,,,,,,,,,,,,,,,,,,,,,,,,,,,,,,,,,,,,,,,,,,,,,,,,,,,,,,,,,,,,,,,,,,R3年12月保留中,
6002202,R 4/ 3/22 17:43,R 3/ 7/ 9,5_午後中,R 4/ 3/29,5_午後中,,R 3/ 6/ 1,2,冊子,41,塚本,,日本政策金融公庫熊本支店 中小企業事業,日本公庫熊本懇話会　2021　会員名簿,Ｂ5規格,Ｂ5規格,17,林田真,R 4/ 3/22,82,82,200,200,,R 4/ 3/24,,,,,,,,,,,,,,,,,,本文,,オンデマンド,,R 3/ 1/13,,,15,中川,,,,,,,,,,,表紙,,オンデマンド,,,,,,,,,,,,,,,,,,,,,,,,,,,,,,,,,,,,,,,,,,,,,,,,,,,,,,,,,,,,,,,,,,,,,,,,,,,,,,,,,,,,,,,,,,,,,,,,,,,,"オンデマンド　★表紙データ1/12中入稿　★本文データ3/23中入稿
★表紙マットPP加工あり（社内　3/25中あがり予定）
組版　マインドさん
★提供依頼ご案内の送りあり 済",
2001662,R 4/ 3/22 13:27,R 4/ 3/23,5_午後中,R 4/ 3/23,5_午後中,,R 4/ 2/24,2,冊子,71,下田,,熊日サービス開発㈱,熊本明治  ヒトとケンチク (明治建築資料集),Ｂ5規格,Ｂ5規格,17,林田真,R 4/ 3/ 8,490,488,75,75,,R 4/ 3/10,,R 4/ 3/11,15,中川,,,,,,,,R 4/ 3/22,46,影下,,,,本文,,オンデマンド,,R 4/ 3/10,,R 4/ 3/11,15,中川,,,,,,,,R 4/ 3/22,46,影下,表紙,,オンデマンド,,R 4/ 3/10,,,,,,,,,,,,R 4/ 3/22,46,影下,謹呈,,オンデマンド,,R 4/ 3/10,,,,,,,,,,,,R 4/ 3/22,46,影下,封筒,,オンデマンド,,,,,,,,,,,,,,,,,,,,,,,,,,,,,,,,,,,,,,,,,,,,,,,,,,,,,,,,,,,,,,"オンデマンド
★巻末にCD貼り付けあり
★封筒注文2/24済",
6002297,R 3/12/20 17:17,R 4/ 5/23,5_午後中,,,,R 3/ 9/ 6,2,冊子,60,沖,,熊本大学 事務局（入試課）,熊本大学案内2023　がんばれ受験生,Ａ4規格,,,,,64,,25000,,,,,,,,,,,,,,,,,,,,,本文,,,,,,,,,,,,,,,,,,,表紙,,,,,,,,,,,,,,,,,,,,,,,,,,,,,,,,,,,,,,,,,,,,,,,,,,,,,,,,,,,,,,,,,,,,,,,,,,,,,,,,,,,,,,,,,,,,,,,,,,,,,,"★1冊72頁　206ｇ￥
★1回目5/24午後中仕上　5/25納品15000部と予備を自社チャーター便手配5/13済（5/25午後1時頃4トン車積込み＿2時30分頃大学着）予約　未￥
★1回目5/24午後中仕上　●部を熊大チャーター便手配（5/25　午前11時、4トン車積込み）予約　未
★2回目7/12納品＿10000部を自社チャーター便手配7/5済（7/13午後1時頃4トン車積込み＿2時30分頃大学着）予約　未
★パレット積みしたもの●部　4パレを写真撮影すること　",
2001735,R 4/ 3/22 13:26,,5_午後中,,,,,2,冊子,71,下田,,熊日サービス開発㈱,（仮）狂句集　旅の共に,四六　タテ188×ヨコ128,,,,,100,,,,,,,,,,,,,,,,,,,,,,,本文,,オンデマンド,,,,,,,,,,,,,,,,,表紙,,オンデマンド,,,,,,,,,,,,,,,,,謹呈,,オンデマンド,,,,,,,,,,,,,,,,,封筒,,オンデマンド,,,,,,,,,,,,,,,,,,,,,,,,,,,,,,,,,,,,,,,,,,,,,,,,,,,,,,,,,,,,,,"オンデマンド
★★★コピー伝票
★封筒注文　未
R4年4月、5月納品予定",
2001739,R 4/ 3/22 21:43,R 4/ 4/ 4,5_午後中,R 4/ 4/ 4,5_午後中,,R 4/ 3/19,2,冊子,71,下田,,熊日サービス開発㈱,お遍路にて,四六↓タテ188×ヨコ128,四六↓タテ188×ヨコ128,17,林田真,R 4/ 3/22,234,234,400,400,,R 4/ 3/25,5_午後中,,,,R 4/ 3/26,5_午後中,,,,R 4/ 3/29,,,,,,,,本文,,菊全機,1+1,R 4/ 3/25,5_午後中,,,,R 4/ 3/26,5_午後中,,,,R 4/ 3/29,,,,,表紙,,単色機,1+0,R 4/ 3/25,5_午後中,,,,R 4/ 3/26,5_午後中,,,,R 4/ 3/29,,,,,グラビア,,４色機,4+4,R 4/ 3/25,5_午後中,,,,R 4/ 3/26,5_午後中,,,,R 4/ 3/29,,,,,大扉,,単色機,1+0,R 4/ 3/25,5_午後中,,,,R 4/ 3/26,5_午後中,,,,R 4/ 3/29,,,,,カバー,,４色機,4+0,R 4/ 3/25,,,,,,,,,,,,,,,封筒,,外注,,R 4/ 3/25,,,,,,,,,,,,,,,,,,謹呈,,オンデマンド,,"封筒400枚＿大晶印刷へ
謹呈あり＿オンデマンド出力
",
2001746,R 4/ 3/22 13:27,,5_午後中,,,,,2,冊子,71,下田,,熊日サービス開発㈱,（仮）夫婦で登った百名山　アルバム,Ａ5規格,,,,,,,,,,,,,,,,,,,,,,,,,,,,本文,,オンデマンド,,,,,,,,,,,,,,,,,表紙,,オンデマンド,,,,,,,,,,,,,,,,,謹呈,,オンデマンド,,,,,,,,,,,,,,,,,封筒,,オンデマンド,,,,,,,,,,,,,,,,,,,,,,,,,,,,,,,,,,,,,,,,,,,,,,,,,,,,,,,,,,,,,,"オンデマンド
★表紙マットPPへ（外注か社内）

R4年3月現在保留中　",
6002337,R 4/ 3/22 11:14,R 3/11/15,2_午前中,R 4/ 3/22,2_午前中,,R 3/10/28,2,冊子,54,山口,,肥銀ビジネス教育㈱,「2022年度　総合セミナーガイド」パンフレット,Ａ規格,Ａ規格,17,林田真,R 4/ 3/14,34,42,3000,2500,,R 4/ 3/15,2_午前中,R 4/ 3/15,15,中川,R 4/ 3/16,5_午後中,R 4/ 3/16,12,宮本,R 4/ 3/17,,R 4/ 3/18,77,鈴木,R 4/ 3/22,42,宮崎理,本文,Ａ１,菊全機,4+4,R 4/ 3/15,2_午前中,R 4/ 3/15,15,中川,R 4/ 3/16,5_午後中,R 4/ 3/16,12,宮本,R 4/ 3/18,,R 4/ 3/19,76,松岡,表紙,菊半,４色機,4+1,,,,,,,,,,,,,,,,,,,,,,,,,,,,,,,,,,,,,,,,,,,,,,,,,,,,,,,,,,,,,,,,,,,,,,,,,,,,,,,,,,,,,,,,,,,,,,,,,,,"組版＿マインド
製品は、3/22午後1時半営業引取",
6002342,R 4/ 3/22 15:39,R 4/ 3/31,5_午後中,R 4/ 4/ 4,2_午前中,,R 3/12/ 6,2,冊子,62,竹口,,崇城大学,2021年度 学生便覧,Ａ4規格：縦長,,,,,316,,1350,,,,,,,,,,,,,,,,,,,,,本文,,,,,,,,,,,,,,,,,,,表紙,,,,,,,,,,,,,,,,,,,,,,,,,,,,,,,,,,,,,,,,,,,,,,,,,,,,,,,,,,,,,,,,,,,,,,,,,,,,,,,,,,,,,,,,,,,,,,,,,,,,,,"表紙透明PP加工＿●/●朝、シャイニングコートへ　外注受取●/●午前
3/25校了予定
R4/4/4午前仕上予定",
6002343,R 4/ 3/22 15:40,R 4/ 3/31,5_午後中,R 4/ 4/ 4,2_午前中,,R 3/12/ 6,2,冊子,62,竹口,,崇城大学,履修の手引き：機械工学科,98,,,,,98,,200,,,,,,,,,,,,,,,,,,,,,本文,,,,,,,,,,,,,,,,,,,表紙,,,,,,,,,,,,,,,,,,,,,,,,,,,,,,,,,,,,,,,,,,,,,,,,,,,,,,,,,,,,,,,,,,,,,,,,,,,,,,,,,,,,,,,,,,,,,,,,,,,,,,"3/25校了予定
R4/4/4午前仕上予定",
6002344,R 4/ 3/22 15:40,R 4/ 3/31,5_午後中,R 4/ 4/ 4,2_午前中,,R 3/12/ 6,2,冊子,62,竹口,,崇城大学,履修の手引き：ナノサイエンス学科,Ａ規格:縦長,,,,,78,,180,,,,,,,,,,,,,,,,,,,,,本文,,,,,,,,,,,,,,,,,,,表紙,,,,,,,,,,,,,,,,,,,,,,,,,,,,,,,,,,,,,,,,,,,,,,,,,,,,,,,,,,,,,,,,,,,,,,,,,,,,,,,,,,,,,,,,,,,,,,,,,,,,,,"3/25校了予定
R4/4/4午前仕上予定",
6002345,R 4/ 3/22 15:40,R 4/ 3/31,5_午後中,R 4/ 4/ 4,2_午前中,,R 3/12/ 6,2,冊子,62,竹口,,崇城大学,履修の手引き：建築学科,Ａ規格:縦長,,,,,112,,180,,,,,,,,,,,,,,,,,,,,,本文,,,,,,,,,,,,,,,,,,,表紙,,,,,,,,,,,,,,,,,,,,,,,,,,,,,,,,,,,,,,,,,,,,,,,,,,,,,,,,,,,,,,,,,,,,,,,,,,,,,,,,,,,,,,,,,,,,,,,,,,,,,,"3/25校了予定
R4/4/4午前仕上予定",
6002346,R 4/ 3/22 15:40,R 4/ 3/31,5_午後中,R 4/ 4/ 4,2_午前中,,R 3/12/ 6,2,冊子,62,竹口,,崇城大学,履修の手引き：宇宙航空システム工学科,Ａ4規格:縦長,,,,,98,,270,,,,,,,,,,,,,,,,,,,,,本文,,,,,,,,,,,,,,,,,,,表紙,,,,,,,,,,,,,,,,,,,,,,,,,,,,,,,,,,,,,,,,,,,,,,,,,,,,,,,,,,,,,,,,,,,,,,,,,,,,,,,,,,,,,,,,,,,,,,,,,,,,,,"3/25校了予定
R4/4/4午前仕上予定",
6002347,R 4/ 3/22 15:40,R 4/ 3/31,5_午後中,R 4/ 4/ 4,2_午前中,,R 3/12/ 6,2,冊子,62,竹口,,崇城大学,履修の手引き：情報学科,Ａ4規格:縦長,,,,,118,,270,,,,,,,,,,,,,,,,,,,,,本文,,,,,,,,,,,,,,,,,,,表紙,,,,,,,,,,,,,,,,,,,,,,,,,,,,,,,,,,,,,,,,,,,,,,,,,,,,,,,,,,,,,,,,,,,,,,,,,,,,,,,,,,,,,,,,,,,,,,,,,,,,,,"3/25校了予定
R4/4/4午前仕上予定",
6002348,R 4/ 3/22 15:40,R 4/ 3/31,5_午後中,R 4/ 4/ 4,2_午前中,,R 3/12/ 6,2,冊子,62,竹口,,崇城大学,履修の手引き：生物生命学科,Ａ4規格:縦長,,,,,78,,200,,,,,,,,,,,,,,,,,,,,,本文,,,,,,,,,,,,,,,,,,,表紙,,,,,,,,,,,,,,,,,,,,,,,,,,,,,,,,,,,,,,,,,,,,,,,,,,,,,,,,,,,,,,,,,,,,,,,,,,,,,,,,,,,,,,,,,,,,,,,,,,,,,,"3/25校了予定
R4/4/4午前仕上予定",
6002350,R 4/ 3/22 15:40,R 4/ 3/31,5_午後中,R 4/ 4/ 4,2_午前中,,R 3/12/ 6,2,冊子,62,竹口,,崇城大学,履修の手引き：美術学科,Ａ4規格:縦長,,,,,80,,140,,,,,,,,,,,,,,,,,,,,,本文,,,,,,,,,,,,,,,,,,,表紙,,,,,,,,,,,,,,,,,,,,,,,,,,,,,,,,,,,,,,,,,,,,,,,,,,,,,,,,,,,,,,,,,,,,,,,,,,,,,,,,,,,,,,,,,,,,,,,,,,,,,,"3/25校了予定
R4/4/4午前仕上予定",
6002351,R 4/ 3/22 15:40,R 4/ 3/31,5_午後中,R 4/ 4/ 4,2_午前中,,R 3/12/ 6,2,冊子,62,竹口,,崇城大学,履修の手引き：デザイン学科,Ａ4規格:縦長,,,,,86,,170,,,,,,,,,,,,,,,,,,,,,本文,,,,,,,,,,,,,,,,,,,表紙,,,,,,,,,,,,,,,,,,,,,,,,,,,,,,,,,,,,,,,,,,,,,,,,,,,,,,,,,,,,,,,,,,,,,,,,,,,,,,,,,,,,,,,,,,,,,,,,,,,,,,"3/25校了予定
R4/4/4午前仕上予定",
6002352,R 4/ 3/22 15:40,R 4/ 3/31,5_午後中,R 4/ 4/ 4,2_午前中,,R 3/12/ 6,2,冊子,62,竹口,,崇城大学,履修の手引き：薬学科,Ａ4規格:縦長,,,,,84,,290,,,,,,,,,,,,,,,,,,,,,本文,,,,,,,,,,,,,,,,,,,表紙,,,,,,,,,,,,,,,,,,,,,,,,,,,,,,,,,,,,,,,,,,,,,,,,,,,,,,,,,,,,,,,,,,,,,,,,,,,,,,,,,,,,,,,,,,,,,,,,,,,,,,"3/25校了予定
R4/4/4午前仕上予定",
6002382,R 4/ 3/22 15:49,R 4/ 3/28,5_午後中,R 4/ 3/28,2_午前中,,R 3/12/ 8,2,冊子,45,藤本,,熊本保健科学大学,研究誌　第19号,Ａ4規格：縦長,Ａ4規格：縦長,17,林田真,R 4/ 3/22,170,180,35,35,,R 4/ 3/23,,,,,,,,,,,,,,,,,,本文,,オンデマンド,,R 4/ 3/23,,,,,,,,,,,,,,,表紙,,オンデマンド,,,,,,,,,,,,,,,,,抜刷表紙,,オンデマンド,,,,,,,,,,,,,,,,,,,,,,,,,,,,,,,,,,,,,,,,,,,,,,,,,,,,,,,,,,,,,,,,,,,,,,,,,,,,,,,,,オンデマンド,
6002349,R 4/ 3/22 14:35,R 4/ 3/31,5_午後中,,,,R 3/12/17,2,冊子,45,藤本,,熊本県高校文化連盟 図書部,令和4年度　高校生のための100冊の本　No.52,Ａ5:縦長↓縦210㎜×横135㎜,,,,,94116,,10800,,,,,,,,,,,,,,,,,,,,,本文,,,,,,,,,,,,,,,,,,,表紙,,,,,,,,,,,,,,,,,,,,,,,,,,,,,,,,,,,,,,,,,,,,,,,,,,,,,,,,,,,,,,,,,,,,,,,,,,,,,,,,,,,,,,,,,,,,,,,,,,,,,,"4/●から発送スタート＿リスト未
★計●所へ発送（福山通運にて）。
★事務局分●部は●●へ発送",
6002376,R 4/ 3/22 14:35,R 4/ 2/22,5_午後中,,,,R 3/12/24,2,冊子,45,藤本,,熊本県行政書士会,会員名簿,Ａ4規格：縦長,,,,,100,,700,,,,,,,,,,,,,,,,,,,,,本文,Ａ１,,,,,,,,,,,,,,,,,,表紙,４切,,,,,,,,,,,,,,,,,,中扉,Ａ２,,,,,,,,,,,,,,,,,,,,,,,,,,,,,,,,,,,,,,,,,,,,,,,,,,,,,,,,,,,,,,,,,,,,,,,,,,,,,,,,,,R4//4/10頃仕上予定,
9200672,R 4/ 3/22 11: 5,R 4/ 4/ 8,3_３時,,,,R 3/12/27,2,冊子,81,下田,,国立大学法人 九州大学,九州大学箱崎キャンパス発掘調査報告５,Ａ4規格,,,,,220,,700,,,,,,,,,,,,,,,,,,,,,本文,,,,,,,,,,,,,,,,,,,表紙,,,,,,,,,,,,,,,,,,,大扉,,,,,,,,,,,,,,,,,,,グラビア,,,,,,,,,,,,,,,,,,,,,,,,,,,,,,,,,,,,,,,,,,,,,,,,,,,,,,,,,,,,,,,,"★表紙透明PP加工（社内　外注）
4/8発送（発送先　未）",
6002416,R 4/ 3/17  7:29,R 4/ 3/22,3_３時,R 4/ 3/25,3_３時,,R 4/ 1/11,2,冊子,45,藤本,,九州森林学会,九州森林研究　第75号,タテ：278㎜×ヨコ：210㎜,タテ：278㎜×ヨコ：210㎜,17,林田真,R 4/ 3/ 9,130,190,270,280,,R 4/ 3/11,5_午後中,R 4/ 3/14,43,河嶋,R 4/ 3/14,5_午後中,R 4/ 3/15,12,宮本,R 4/ 3/16,,R 4/ 3/16,77,鈴木,,,,本文,Ａ１,菊全機,,R 4/ 3/11,5_午後中,R 4/ 3/14,43,河嶋,R 4/ 3/14,5_午後中,R 4/ 3/15,12,宮本,R 4/ 3/16,,R 4/ 3/16,76,松岡,表紙,菊半,４色機,4+1,R 4/ 3/11,5_午後中,R 4/ 3/14,43,河嶋,R 4/ 3/14,5_午後中,R 4/ 3/15,12,宮本,R 4/ 3/16,,R 4/ 3/17,54,林,中扉,Ａ２,単色機,1+0,R 4/ 3/11,5_午後中,R 4/ 3/14,43,河嶋,R 4/ 3/14,5_午後中,R 4/ 3/15,12,宮本,R 4/ 3/16,,R 4/ 3/17,54,林,規定等,Ａ２,単色機,1+1,R 4/ 3/11,5_午後中,R 4/ 3/14,43,河嶋,R 4/ 3/14,5_午後中,R 4/ 3/15,12,宮本,R 4/ 3/16,,R 4/ 3/17,54,林,抜刷表紙,Ａ２,単色機,1+0,R 4/ 3/11,5_午後中,R 4/ 3/15,43,河嶋,R 4/ 3/14,5_午後中,R 4/ 3/15,12,宮本,R 4/ 3/16,,R 4/ 3/17,76,松岡,本文,Ａ２,４色機,4+4,,,,,,,,,,,,,,,,,,,,,,,"抜刷あり　35種各50部　1種100部
3/25発送 3/28AM着（リスト3/16済）￥
発送あり、52カ所　3/25発送　3/26AM着＿福山通運にて（52か所のうち、5件沖縄発送あり）★本冊・抜刷含むの52箇所",
2001786,R 4/ 3/23  7:29,R 4/ 3/28,5_午後中,R 4/ 3/29,5_午後中,,R 4/ 1/12,2,冊子,71,下田,,熊日サービス開発㈱,熊本地震の痕跡からの学び,Ａ5規格,Ａ5規格,17,林田真,R 4/ 3/17,166,164,500,500,,R 4/ 3/19,5_午後中,R 4/ 3/19,25,中馬,R 4/ 3/22,2_午前中,R 4/ 3/22,12,宮本,R 4/ 3/22,,R 4/ 3/23,77,鈴木,,,,本文,Ａ１,菊全機,4+4,R 4/ 3/19,5_午後中,R 4/ 3/19,25,中馬,R 4/ 3/22,2_午前中,R 4/ 3/22,12,宮本,R 4/ 3/23,,,,,表紙,９切,単色機,1+0,R 4/ 3/19,5_午後中,R 4/ 3/19,25,中馬,R 4/ 3/22,2_午前中,R 4/ 3/22,12,宮本,R 4/ 3/23,,,,,カバー,４切,４色機,4+0,R 4/ 3/19,5_午後中,R 4/ 3/19,25,中馬,,,,,,,,,,,スリップ,,オンデマンド,,,,R 4/ 3/22,25,中馬,,,R 4/ 3/22,12,宮本,R 4/ 3/23,,,,,本文,菊半,４色機,4+4,,,,,,,,,,,,,,,,,,,,,,,,,,,,,,,,,,,,,,謹呈,,オンデマンド,,"3/24朝、カバー　マットPP加工あり＿シャイニングへ　外注受取3/25午前
スリップあり250部　なし250部",
2001788,R 4/ 3/23  7:31,R 4/ 3/28,5_午後中,R 4/ 3/28,5_午後中,,R 4/ 3/ 8,2,冊子,71,下田,,熊日サービス開発㈱,天草小唄,四六↓タテ188×ヨコ128,四六↓タテ188×ヨコ128,17,林田真,R 4/ 3/16,374,378,1200,1200,,R 4/ 3/18,2_午前中,R 4/ 3/18,15,中川,R 4/ 3/19,5_午後中,R 4/ 3/19,23,江藤,R 4/ 3/22,,R 4/ 3/20,77,鈴木,,,,本文,四六半,菊全機,1+1,R 4/ 3/18,2_午前中,R 4/ 3/18,15,中川,R 4/ 3/19,5_午後中,R 4/ 3/19,23,江藤,R 4/ 3/23,,,,,表紙,菊半,単色機,1+0,R 4/ 3/18,2_午前中,R 4/ 3/18,15,中川,R 4/ 3/19,5_午後中,R 4/ 3/19,23,江藤,R 4/ 3/23,,,,,大扉,Ａ２,単色機,1+0,R 4/ 3/18,2_午前中,R 4/ 3/18,15,中川,R 4/ 3/19,5_午後中,R 4/ 3/19,23,江藤,R 4/ 3/22,,R 4/ 3/22,76,松岡,グラビア,４切,４色機,4+4,R 4/ 3/18,2_午前中,R 4/ 3/18,15,中川,R 4/ 3/19,5_午後中,R 4/ 3/19,23,江藤,R 4/ 3/22,,R 4/ 3/22,76,松岡,カバー,４切,４色機,4+0,R 4/ 3/18,2_午前中,R 4/ 3/18,15,中川,R 4/ 3/19,5_午後中,R 4/ 3/19,23,江藤,R 4/ 3/22,,R 4/ 3/22,76,松岡,帯,４切,４色機,4+0,R 4/ 3/18,2_午前中,R 4/ 3/18,15,中川,R 4/ 3/19,5_午後中,R 4/ 3/19,23,江藤,R 4/ 3/23,,,,,,,,スリップ,Ａ３,単色機,1+0,"3/23朝、カバー・帯（同時面付）透明PP加工　シャイニングへ　外注受取3/24午前
",
6002402,R 4/ 1/18 15: 9,R 4/ 5/ 6,2_午前中,,,,R 3/12/27,2,冊子,54,山口,,寺本プリント社,第42回熊本県日本画協会展パンフレット,タテ214×ヨコ178,,,,,18,,1500,,,,,,,,,,,,,,,,,,,,,本文,,,,,,,,,,,,,,,,,,,表紙,,,,,,,,,,,,,,,,,,,,,,,,,,,,,,,,,,,,,,,,,,,,,,,,,,,,,,,,,,,,,,,,,,,,,,,,,,,,,,,,,,,,,,,,,,,,,,,,,,,,,,,
6002437,R 4/ 1/20 13: 2,R 4/ 4/20,2_午前中,,,,R 4/ 1/19,2,冊子,41,塚本,,(公社)熊本県精神科協会,熊精協会誌　№191号,Ａ4規格縦長,,,,,84,,350,,,,,,,,,,,,,,,,,,,,,本文,,,,,,,,,,,,,,,,,,,表紙,,,,,,,,,,,,,,,,,,,,,,,,,,,,,,,,,,,,,,,,,,,,,,,,,,,,,,,,,,,,,,,,,,,,,,,,,,,,,,,,,,,,,,,,,,,,,,,,,,,,,,,
2001793,R 4/ 3/22 13:28,,5_午後中,,,,,2,冊子,71,下田,,熊日サービス開発㈱,（仮）先人たちの歴史を取り戻す,四六↓タテ188×ヨコ128,,,,,,,,,,,,,,,,,,,,,,,,,,,,,,,,,,,,,,,,,,,,,,,,,,,,,,,,,,,,,,,,,,,,,,,,,,,,,,,,,,,,,,,,,,,,,,,,,,,,,,,,,,,,,,,,,,,,,,,,,,,,,,,,,,,,,,,,,,,,,,,,,,,,,"★★★コピー伝票
R4.4月納品予定",
6002400,R 4/ 3/22 21:53,R 4/ 3/30,5_午後中,R 4/ 4/12,5_午後中,,R 4/ 1/21,2,冊子,55,小川,,熊本ネット㈱,（令和5年度）合格できるシリーズ やさしく復習　中学2年数学・英語・国語,Ｂ5規格,Ｂ5規格,17,林田真,R 4/ 1/27,84,106,7800,7260,,R 4/ 2/14,5_午後中,R 4/ 2/17,32,内田,R 4/ 3/ 9,5_午後中,R 4/ 3/ 7,12,宮本,R 4/ 3/28,,,,,,,,本文,アジロ,菊全機,1+1,R 4/ 2/22,5_午後中,R 4/ 2/25,32,内田,R 4/ 3/ 9,5_午後中,R 4/ 3/ 7,12,宮本,R 4/ 3/28,,,,,表紙,４切,４色機,2+1,,,,,,,,,,,,,,,,,,,,,,,,,,,,,,,,,,,,,,,,,,,,,,,,,,,,,,,,,,,,,,,,,,,,,,,,,,,,,,,,,,,,,,,,,,,,,,,,,,,"4/13～発送
スリップ入れあり　1150部",
6002408,R 4/ 3/11  7:22,R 4/ 3/30,5_午後中,R 4/ 4/12,5_午後中,,R 4/ 1/21,2,冊子,55,小川,,熊本ネット㈱,（令和5年度）公立高校入試練習　中1～中2年編,Ａ4規格,Ａ4規格,17,林田真,R 4/ 1/27,62,78,8000,7330,,R 4/ 2/14,5_午後中,R 4/ 2/14,15,中川,R 4/ 2/25,5_午後中,R 4/ 2/25,12,宮本,R 4/ 3/ 9,,R 4/ 3/10,54,林,,,,本文,Ａ１,菊全機,1+1,R 4/ 2/21,5_午後中,R 4/ 2/21,15,中川,R 4/ 2/22,5_午後中,R 4/ 2/21,12,宮本,R 4/ 3/10,,R 4/ 3/11,76,松岡,表紙,Ａ２,４色機,2+1,,,,,,,,,,,,,,,,,,,,,,,,,,,,,,,,,,,,,,,,,,,,,,,,,,,,,,,,,,,,,,,,,,,,,,,,,,,,,,,,,,,,,,,,,,,,,,,,,,,"4/13～発送
スリップ入れあり　1250部",
6002410,R 4/ 3/22 21:51,,5_午後中,R 4/ 4/12,5_午後中,,R 4/ 1/24,2,冊子,55,小川,,熊本ネット㈱,（令和5年度）合格できるシリーズ やさしく復習　中学1年数学・英語・国語,Ｂ5規格,Ｂ5規格,17,林田真,R 4/ 1/27,82,100,7800,7290,,R 4/ 2/14,5_午後中,R 4/ 2/14,43,河嶋,R 4/ 3/ 2,5_午後中,R 4/ 2/28,12,宮本,R 4/ 3/28,,,,,,,,本文,アジロ,菊全機,1+1,R 4/ 2/22,5_午後中,R 4/ 2/22,43,河嶋,R 4/ 3/ 2,5_午後中,R 4/ 2/28,12,宮本,R 4/ 3/28,,,,,表紙,４切,４色機,2+1,,,,,,,,,,,,,,,,,,,,,,,,,,,,,,,,,,,,,,,,,,,,,,,,,,,,,,,,,,,,,,,,,,,,,,,,,,,,,,,,,,,,,,,,,,,,,,,,,,,"4/13～発送
スリップ入れあり　1150部",
6002441,R 4/ 3/22 10:42,R 4/ 3/10,5_午後中,R 4/ 3/24,2_午前中,,R 4/ 1/24,2,冊子,54,山口,,㈲ベストプロセス,東海大学紀要　農学部　第41巻(2022)の本体と抜刷のPDF作成,Ａ4規格,Ａ4規格,17,林田真,R 4/ 3/16,40,40,,,,R 4/ 3/16,,R 4/ 3/22,43,河嶋,,,,,,,,,,,,,,本文,,オンデマンド,,R 4/ 3/16,,R 4/ 3/22,43,河嶋,,,,,,,,,,,表紙,,オンデマンド,,,,,,,,,,,,,,,,,,,,,,,,,,,,,,,,,,,,,,,,,,,,,,,,,,,,,,,,,,,,,,,,,,,,,,,,,,,,,,,,,,,,,,,,,,,,,,,,,,,,"★本冊は作成なし。抜刷のみ作成＿オンデマンド
5種　各30部",
6002412,R 4/ 3/18  7:26,R 4/ 3/30,5_午後中,R 4/ 4/12,5_午後中,,R 4/ 1/24,2,冊子,55,小川,,熊本ネット㈱,（令和5年度）合格できるシリーズ　やさしく復習　中学地理・歴史,Ｂ5規格,Ｂ5規格,17,林田真,R 4/ 1/27,68,82,7450,7080,,R 4/ 2/14,5_午後中,R 4/ 2/14,15,中川,R 4/ 3/ 9,5_午後中,R 4/ 3/ 9,12,宮本,R 4/ 3/22,,,,,,,,本文,アジロ,菊全機,1+1,R 4/ 2/22,5_午後中,R 4/ 2/22,15,中川,R 4/ 3/ 9,5_午後中,R 4/ 3/ 7,12,宮本,R 4/ 3/24,,,,,表紙,４切,４色機,2+1,,,,,,,,,,,,,,,,,,,,,,,,,,,,,,,,,,,,,,,,,,,,,,,,,,,,,,,,,,,,,,,,,,,,,,,,,,,,,,,,,,,,,,,,,,,,,,,,,,,"4/13～発送
スリップ入れあり　1050部",
6002418,R 4/ 3/22 21:52,R 4/ 3/30,5_午後中,R 4/ 4/12,5_午後中,,R 4/ 1/24,2,冊子,55,小川,,熊本ネット㈱,（令和5年度）合格できるシリーズ　やさしく復習　中学1・2年理科,Ｂ5規格,Ｂ5規格,17,林田真,R 4/ 1/27,68,80,7450,6930,,R 4/ 2/14,5_午後中,R 4/ 2/14,15,中川,R 4/ 3/ 8,5_午後中,R 4/ 3/ 1,12,宮本,R 4/ 3/28,,,,,,,,本文,アジロ,菊全機,1+1,R 4/ 2/22,5_午後中,R 4/ 2/22,15,中川,R 4/ 3/ 8,5_午後中,R 4/ 3/ 1,12,宮本,R 4/ 3/28,,,,,表紙,４切,４色機,2+1,,,,,,,,,,,,,,,,,,,,,,,,,,,,,,,,,,,,,,,,,,,,,,,,,,,,,,,,,,,,,,,,,,,,,,,,,,,,,,,,,,,,,,,,,,,,,,,,,,,"4/13～発送
スリップ入れあり　1050部",
6002421,R 4/ 3/22 12: 2,R 4/ 3/30,5_午後中,R 4/ 4/12,5_午後中,,R 4/ 1/24,2,冊子,55,小川,,熊本ネット㈱,（令和5年度）合格できる中学英語攻略本単語・熟語編,Ｂ5規格,Ｂ5規格,17,林田真,R 4/ 1/27,58,58,8600,7740,,R 4/ 3/22,5_午後中,,,,R 4/ 3/23,5_午後中,,,,R 4/ 3/22,,,,,,,,本文,アジロ,菊全機,1+1,R 4/ 3/22,5_午後中,,,,R 4/ 3/23,5_午後中,,,,R 4/ 3/24,,,,,表紙,４切,４色機,2+1,,,,,,,,,,,,,,,,,,,,,,,,,,,,,,,,,,,,,,,,,,,,,,,,,,,,,,,,,,,,,,,,,,,,,,,,,,,,,,,,,,,,,,,,,,,,,,,,,,,"4/13～発送

スリップ入れあり　1200部",
6002422,R 4/ 3/22  7:31,R 4/ 3/30,5_午後中,R 4/ 4/12,5_午後中,,R 4/ 1/25,2,冊子,55,小川,,熊本ネット㈱,（令和5年度）合格できる中学英語攻略本　文法編　,Ｂ5規格,Ｂ5規格,17,林田真,R 4/ 1/27,46,56,8700,7910,,R 4/ 2/14,5_午後中,R 4/ 2/14,43,河嶋,R 4/ 2/16,5_午後中,R 4/ 2/19,23,江藤,R 4/ 3/15,,R 4/ 3/11,54,林,,,,本文,アジロ,菊全機,1+1,R 4/ 2/22,5_午後中,R 4/ 2/22,43,河嶋,R 4/ 2/24,5_午後中,,,,R 4/ 3/26,,,,,表紙,４切,４色機,2+1,,,,,,,,,,,,,,,,,,,,,,,,,,,,,,,,,,,,,,,,,,,,,,,,,,,,,,,,,,,,,,,,,,,,,,,,,,,,,,,,,,,,,,,,,,,,,,,,,,,"4/13～発送
スリップ入れあり　1200部",
6002424,R 4/ 3/17  7:24,R 4/ 3/30,5_午後中,R 4/ 4/12,5_午後中,,R 4/ 1/25,2,冊子,55,小川,,熊本ネット㈱,（令和5年度）合格できる中学数学攻略本　計算編　,Ｂ5規格,Ｂ5規格,17,林田真,R 4/ 1/27,44,58,8500,7650,,R 4/ 2/21,5_午後中,R 4/ 2/25,32,内田,R 4/ 3/ 7,5_午後中,R 4/ 3/ 2,12,宮本,R 4/ 3/19,,R 4/ 3/16,77,鈴木,,,,本文,アジロ,菊全機,1+1,R 4/ 2/22,5_午後中,R 4/ 2/25,32,内田,R 4/ 3/ 7,5_午後中,R 4/ 3/ 2,12,宮本,R 4/ 3/16,,R 4/ 3/17,76,松岡,表紙,４切,４色機,2+1,R 4/ 2/21,5_午後中,,,,R 4/ 3/ 7,5_午後中,,,,R 4/ 3/16,,R 4/ 3/17,54,林,本文,,単色機,1+1,,,,,,,,,,,,,,,,,,,,,,,,,,,,,,,,,,,,,,,,,,,,,,,,,,,,,,,,,,,,,,,,,,,,,,,,,,,,,,,,"4/13～発送
スリップ入れあり　1000部",
6002429,R 4/ 3/23  7:25,R 4/ 3/30,5_午後中,R 4/ 4/12,5_午後中,,R 4/ 1/25,2,冊子,55,小川,,熊本ネット㈱,（令和5年度）合格できる中学国語攻略本　漢字・語句編　,Ｂ5規格,Ｂ5規格,17,林田真,R 4/ 1/27,52,58,8600,7460,,R 4/ 2/21,5_午後中,R 4/ 3/ 1,25,中馬,R 4/ 3/ 7,5_午後中,R 4/ 3/ 7,12,宮本,R 4/ 3/28,,R 4/ 3/23,77,鈴木,,,,本文,アジロ,菊全機,1+1,R 4/ 2/22,5_午後中,R 4/ 3/ 1,25,中馬,R 4/ 3/ 7,5_午後中,R 4/ 3/ 7,12,宮本,R 4/ 3/28,,,,,表紙,４切,４色機,2+1,,,,,,,,,,,,,,,,,,,,,,,,,,,,,,,,,,,,,,,,,,,,,,,,,,,,,,,,,,,,,,,,,,,,,,,,,,,,,,,,,,,,,,,,,,,,,,,,,,,"4/13～発送
スリップ入れあり　1000部",
6002431,R 4/ 3/19 21: 9,R 4/ 3/30,5_午後中,R 4/ 4/12,5_午後中,,R 4/ 1/25,2,冊子,55,小川,,熊本ネット㈱,（令和5年度）合格できる 英語　リスニング・長文編　　,Ｂ5規格,Ｂ5規格,17,林田真,R 4/ 1/27,60,80,8700,6620,,R 4/ 2/22,5_午後中,R 4/ 3/ 8,32,内田,R 4/ 3/ 8,5_午後中,R 4/ 3/ 9,12,宮本,R 4/ 3/26,,,,,,,,本文,アジロ,菊全機,1+1,R 4/ 2/22,5_午後中,R 4/ 3/ 8,32,内田,R 4/ 3/ 8,5_午後中,R 4/ 3/ 9,12,宮本,R 4/ 3/26,,,,,表紙,４切,４色機,2+1,,,,,,,,,,,,,,,,,,,,,,,,,,,,,,,,,,,,,,,,,,,,,,,,,,,,,,,,,,,,,,,,,,,,,,,,,,,,,,,,,,,,,,,,,,,,,,,,,,,"4/13～発送
スリップ入れあり　1150部",
9200682,R 4/ 3/17 12:34,R 4/ 3/24,3_３時,R 4/ 3/24,3_３時,,R 4/ 1/25,2,冊子,83,本田,,国立大学法人 九州大学病院,康東天教授退任記念誌,Ａ4規格,Ａ4規格,17,林田真,R 4/ 3/ 4,154,152,500,500,,R 4/ 3/ 9,5_午後中,R 4/ 3/ 9,15,中川,R 4/ 3/15,5_午後中,R 4/ 3/14,12,宮本,R 4/ 3/16,,R 4/ 3/15,77,鈴木,,,,本文,Ａ１,菊全機,1+1,R 4/ 3/ 9,5_午後中,R 4/ 3/ 9,15,中川,R 4/ 3/15,5_午後中,R 4/ 3/14,12,宮本,R 4/ 3/16,,R 4/ 3/15,76,松岡,表紙,菊半,４色機,4+0,R 4/ 3/ 9,5_午後中,R 4/ 3/ 9,15,中川,R 4/ 3/15,5_午後中,R 4/ 3/14,12,宮本,R 4/ 3/15,,R 4/ 3/16,77,鈴木,グラビア,Ａ１,菊全機,4+4,R 4/ 3/ 9,5_午後中,R 4/ 3/ 9,15,中川,R 4/ 3/15,5_午後中,R 4/ 3/14,12,宮本,R 4/ 3/15,,R 4/ 3/16,77,鈴木,口絵,Ａ１,菊全機,4+0,,,,,,,,,,,,,,,,,,,,,,,,,,,,,,,,,,,,,,,,,,,,,,,,,,,,,,,,,,,,,"★3/17朝、表紙マットPP加工あり＿シャイニングへ＿外注受取3/18午後
★外函あり＿3/9日宝綜合製本へ外注だし(背と表紙1に墨箔押し3/7データメール　3/7済)束見本1冊3/10AM着で発送（見積り済　＠205×500部　102,500円税抜）
★外函3/22届く
★外函に入れて　3/24発送　3/25AM着（発送先3/17済）",
9200683,R 4/ 3/23  7:22,R 4/ 3/24,3_３時,R 4/ 3/28,3_３時,,R 4/ 1/25,2,冊子,81,下田,,国立大学法人 九州大学,九州大学大橋キャンパス発掘調査報告,Ａ4規格,Ａ4規格,17,林田真,R 4/ 3/17,64,64,700,700,,R 4/ 3/18,5_午後中,R 4/ 3/19,25,中馬,R 4/ 3/19,2_午前中,R 4/ 3/19,12,宮本,R 4/ 3/19,,R 4/ 3/20,77,鈴木,,,,本文,Ａ１,菊全機,1+1,R 4/ 3/18,5_午後中,R 4/ 3/19,25,中馬,R 4/ 3/19,2_午前中,R 4/ 3/19,12,宮本,R 4/ 3/22,,R 4/ 3/22,76,松岡,表紙,菊半,４色機,2+0,R 4/ 3/18,5_午後中,R 4/ 3/19,25,中馬,R 4/ 3/19,2_午前中,R 4/ 3/19,12,宮本,R 4/ 3/22,,R 4/ 3/23,52,高野,大扉,Ａ２,単色機,1+0,R 4/ 3/18,5_午後中,R 4/ 3/19,25,中馬,R 4/ 3/19,2_午前中,R 4/ 3/19,12,宮本,R 4/ 3/22,,R 4/ 3/22,76,松岡,グラビア,Ａ２,４色機,4+4,R 4/ 3/18,5_午後中,R 4/ 3/19,25,中馬,R 4/ 3/19,2_午前中,R 4/ 3/19,12,宮本,R 4/ 3/22,,R 4/ 3/23,52,高野,図版,Ａ２,単色機,1+1,,,,,,,,,,,,,,,,,,,,,,,,,,,,,,,,,,,,,,,,,,"★表紙透明PP加工あり（社内　3/24仕上げ予定）
3/28発送　3/29AM着（発送先　未）",
6002443,R 4/ 3/22 14:28,R 4/ 3/10,5_午後中,R 4/ 3/26,5_午後中,,R 4/ 1/25,2,冊子,41,塚本,,九州ルーテル学院大学,九州ルーテル学院大学心理臨床学科・学科紀要21巻2号,Ｂ5規格,,,,,126,,50,,,,,,,,,,,,,,,,,,,,,本文,,オンデマンド,,,,,,,,,,,,,,,,,表紙,,オンデマンド,,,,,,,,,,,,,,,,,,,,,,,,,,,,,,,,,,,,,,,,,,,,,,,,,,,,,,,,,,,,,,,,,,,,,,,,,,,,,,,,,,,,,,,,,,,,,,,,,,,,"オンデマンド
★前回、抜刷あり　4種　各30部
R4/3/26仕上予定",
6002445,R 4/ 1/27 15: 2,R 4/ 2/14,2_午前中,,,,R 4/ 1/26,2,冊子,45,藤本,,九州看護福祉大学,令和3年度　研究紀要　第22号,Ａ4規格：縦長,,,,,80,,1,,,,,,,,,,,,,,,,,,,,,,,,,,,,,,,,,,,,,,,,,,,,,,,,,,,,,,,,,,,,,,,,,,,,,,,,,,,,,,,,,,,,,,,,,,,,,,,,,,,,,,,,,,,,,,,,,,,,,,,,,,,,,,,,,,,,,,,,,,,,,,印刷なし　データ納品,
6002447,R 4/ 3/19 10:41,R 4/ 3/18,2_午前中,R 4/ 3/23,3_2時,,R 4/ 1/27,2,冊子,54,山口,,㈱創元社,熊本銀行従業員組合　30周年記念誌,Ａ4規格,Ａ4規格,8,河野み,R 4/ 3/15,80,124,1000,1050,,R 4/ 3/16,2_午前中,R 4/ 3/16,25,中馬,R 4/ 3/16,5_午後中,R 4/ 3/17,23,江藤,R 4/ 3/17,,R 4/ 3/18,77,鈴木,,,,本文,Ａ１,菊全機,4+4,R 4/ 3/16,1_10時,R 4/ 3/16,25,中馬,R 4/ 3/16,2_午前中,R 4/ 3/17,23,江藤,R 4/ 3/17,,R 4/ 3/17,76,松岡,表紙,菊半,４色機,4+4,,,,,,,,,,,,,,,,,,,,,,,,,,,,,,,,,,,,,,,,,,,,,,,,,,,,,,,,,,,,,,,,,,,,,,,,,,,,,,,,,,,,,,,,,,,,,,,,,,,"★3/18朝、表紙＿透明ＰＰ加工あり＿シャイニングへ　受取3/19午前

3/23午後2時頃、営業山口引取",
6002448,R 4/ 3/22 11:14,R 4/ 3/22,2_午前中,R 4/ 3/22,2_午前中,,R 4/ 1/31,2,冊子,60,沖,,熊本大学 文学部（国立大学法人熊本大学）,熊本大学社会文化研究　20,Ｂ5規格,Ｂ5規格,17,林田真,R 4/ 3/ 9,150,138,100,100,,R 4/ 3/14,,R 4/ 3/14,43,河嶋,,,,,,,,R 4/ 3/19,46,影下,R 4/ 3/22,42,宮崎理,本文,,オンデマンド,,R 4/ 3/14,,R 4/ 3/14,43,河嶋,,,,,,,,R 4/ 3/19,46,影下,表紙,,オンデマンド,,R 4/ 3/14,,R 4/ 3/14,43,河嶋,,,,,,,,R 4/ 3/19,46,影下,抜刷表紙,,オンデマンド,,,,,,,,,,,,,,,,,,,,,,,,,,,,,,,,,,,,,,,,,,,,,,,,,,,,,,,,,,,,,,,,,,,,,,,,,,,,,,,,,"オンデマンド
抜刷あり　4種各20部　1種30部　1種120部　1種5部",
9200684,R 4/ 3/22 21:54,R 4/ 3/28,3_３時,R 4/ 3/28,3_３時,,R 4/ 2/ 1,2,冊子,83,本田,,大野城市役所,上園遺跡１０,Ａ4規格,Ａ4規格,17,林田真,R 4/ 3/17,70,70,300,300,,R 4/ 3/22,2_午前中,R 4/ 3/22,25,中馬,R 4/ 3/22,5_午後中,R 4/ 3/22,12,宮本,R 4/ 3/23,,,,,,,,本文,Ａ１,菊全機,1+1,R 4/ 3/22,2_午前中,R 4/ 3/22,25,中馬,R 4/ 3/22,5_午後中,R 4/ 3/22,12,宮本,R 4/ 3/23,,,,,表紙,菊半,単色機,1+0,R 4/ 3/22,2_午前中,R 4/ 3/22,25,中馬,R 4/ 3/22,5_午後中,R 4/ 3/22,12,宮本,R 4/ 3/23,,,,,グラビア,菊半,４色機,4+4,R 4/ 3/22,2_午前中,R 4/ 3/22,25,中馬,R 4/ 3/22,5_午後中,R 4/ 3/22,12,宮本,R 4/ 3/23,,,,,折込,Ａ２,単色機,1+0,,,R 4/ 3/22,25,中馬,,,R 4/ 3/22,12,宮本,R 4/ 3/23,,,,,本文,Ａ２,単色機,1+1,,,,,,,,,,,,,,,,,,,,,,,,,,,,,,,,,,,,,,,,,,"3/28発送　3/29AM着（発送先　3/17済）
A3折込1枚あり",
2001799,R 4/ 2/19 11:39,R 4/ 2/24,2_午前中,,,,R 4/ 2/ 7,2,冊子,16,坂田,,文化講演会/宇城,第2回講演会,Ａ4規格,,,,,16,,700,,,,,,,,,,,,,,,,,,,,,本文,Ａ１,,,,,,,,,,,,,,,,,,表紙,Ａ２,,,,,,,,,,,,,,,,,,,,,,,,,,,,,,,,,,,,,,,,,,,,,,,,,,,,,,,,,,,,,,,,,,,,,,,,,,,,,,,,,,,,,,,,,,,,,,,,,,,,,,
6002454,R 4/ 3/19 10:48,R 4/ 3/24,5_午後中,R 4/ 3/24,5_午後中,,R 4/ 2/ 8,2,冊子,60,沖,,熊本大学 事務局　埋蔵文化財調査センター（国立大学法人熊本大学）,2020年度熊本大学埋蔵文化財調査センター年報　27,Ａ4規格,Ａ4規格,17,林田真,R 4/ 3/14,72,66,450,450,,R 4/ 3/17,2_午前中,R 4/ 3/17,43,河嶋,R 4/ 3/17,5_午後中,R 4/ 3/17,23,江藤,R 4/ 3/18,,R 4/ 3/19,77,鈴木,,,,本文,Ａ１,菊全機,1+1,R 4/ 3/17,2_午前中,R 4/ 3/17,43,河嶋,R 4/ 3/17,5_午後中,R 4/ 3/17,23,江藤,R 4/ 3/18,,R 4/ 3/19,76,松岡,表紙,菊半,４色機,4+0,,,R 4/ 3/17,43,河嶋,,,R 4/ 3/17,23,江藤,R 4/ 3/18,,R 4/ 3/19,52,高野,本文,Ａ２,単色機,1+1,,,,,,,,,,,,,,,,,,,,,,,,,,,,,,,,,,,,,,,,,,,,,,,,,,,,,,,,,,,,,,,,,,,,,,,,,,,,,,,,表紙透明PP加工あり（社内＿3/19あがり予定　3/19済）,
9200689,R 4/ 3/22 15:18,R 4/ 3/26,3_３時,R 4/ 3/26,3_３時,,R 4/ 2/14,2,冊子,83,本田,,大野城市役所,松葉園遺跡４,Ａ4規格,,,,,64,,300,,,,,,,,,,,,,,,,,,,,,本文,,,,,,,,,,,,,,,,,,,表紙,,,,,,,,,,,,,,,,,,,グラビア,,,,,,,,,,,,,,,,,,,,,,,,,,,,,,,,,,,,,,,,,,,,,,,,,,,,,,,,,,,,,,,,,,,,,,,,,,,,,,,,,,,3/26発送　3/28AM着（発送先　未）,
6002459,R 4/ 3/20  7:23,R 4/ 3/18,2_午前中,R 4/ 3/24,2_午前中,,R 4/ 2/14,2,冊子,58,村上,,㈱TEAM,第46回全国高等学校選抜　フェンシング大会,Ａ4規格,Ａ4規格,17,林田真,R 4/ 3/18,50,72,500,800,,R 4/ 3/19,2_午前中,R 4/ 3/18,15,中川,R 4/ 3/19,5_午後中,R 4/ 3/18,12,宮本,R 4/ 3/22,,R 4/ 3/19,54,林,,,,本文,Ａ１,菊全機,1+1,R 4/ 3/19,2_午前中,R 4/ 3/18,15,中川,R 4/ 3/19,5_午後中,R 4/ 3/18,12,宮本,R 4/ 3/22,,R 4/ 3/20,76,松岡,表紙,菊半,４色機,4+1,,,R 4/ 3/18,15,中川,,,R 4/ 3/18,12,宮本,R 4/ 3/22,,R 4/ 3/20,52,高野,本文,Ａ２,単色機,1+1,,,,,,,,,,,,,,,,,,,,,,,,,,,,,,,,,,,,,,,,,,,,,,,,,,,,,,,,,,,,,,,,,,,,,,,,,,,,,,,,,
2001806,R 4/ 3/22 11:13,R 4/ 3/22,5_午後中,R 4/ 3/22,3_３時,,R 4/ 2/14,2,冊子,16,坂田,,八代第一中学校,令和4年度出席簿（支援）,タテ282×ヨコ187,タテ282×ヨコ187,17,林田真,R 4/ 2/14,154,154,7,8,,R 4/ 2/19,5_午後中,R 4/ 2/19,15,中川,R 4/ 2/21,5_午後中,R 4/ 2/21,12,宮本,R 4/ 2/24,,R 4/ 2/25,52,高野,R 4/ 3/22,42,宮崎理,本文,Ａ２,単色機,1+1,R 4/ 2/19,5_午後中,R 4/ 2/19,15,中川,R 4/ 2/21,5_午後中,R 4/ 2/21,12,宮本,R 4/ 2/24,,R 4/ 2/25,52,高野,見返し,Ａ２,単色機,,,,,,,,,,,,,,,,,,,,,,,,,,,,,,,,,,,,,,,,,,,,,,,,,,,,,,,,,,,,,,,,,,,,,,,,,,,,,,,,,,,,,,,,,,,,,,,,,,,,"泰文堂製本（刷紙2/25発送　2/28AM着）刷紙プラス10冊分送ること。表紙は先方にデータあり（共通）。
★製本外注上がり3/19後、前・後見返しに白ビニールテープを貼る作業あり。
3/22発送　3/23AM＿八代第一中学校へ
★カウネット＿脱鉛タイプビニールテープ在庫を使用
",
6002467,R 4/ 3/22 14:45,R 4/ 3/26,5_午後中,R 4/ 3/26,5_午後中,,R 4/ 2/14,2,冊子,58,村上,,㈱尚絅サポートセンター,尚絅大学研究紀要NO.54,Ｂ5規格,,,,,190,,200,,,,,,,,,,,,,,,,,,,,,本文,,,,,,,,,,,,,,,,,,,表紙,,,,,,,,,,,,,,,,,,,抜刷表紙,,オンデマンド,,,,,,,,,,,,,,,,,,,,,,,,,,,,,,,,,,,,,,,,,,,,,,,,,,,,,,,,,,,,,,,,,,,,,,,,,,,,,,,,,"抜刷11種　各30部

R4/3/26中仕上予定",
9200693,R 4/ 3/22 15:18,R 4/ 3/30,3_３時,R 4/ 3/30,3_３時,,R 4/ 3/16,2,冊子,83,本田,,純真学園大学,純真学園大学雑誌　第12号,Ａ4規格,,,,,134,,550,,,,,,,,,,,,,,,,,,,,,本文,,,,,,,,,,,,,,,,,,,表紙,,,,,,,,,,,,,,,,,,,抜刷表紙,,オンデマンド,,,,,,,,,,,,,,,,,,,,,,,,,,,,,,,,,,,,,,,,,,,,,,,,,,,,,,,,,,,,,,,,,,,,,,,,,,,,,,,,,"3/30発送　3/31AM着（発送先　未）
抜刷　13種　415部（別紙参照）",
6002468,R 4/ 3/15  8:45,R 4/ 3/31,5_午後中,R 4/ 4/ 5,3_３時,,R 4/ 2/16,2,冊子,45,藤本,,熊本県高校教育研究会家庭部,令和4年度　家庭科学習ノート,Ｂ5規格：縦長,Ｂ5規格：縦長,17,林田真,R 4/ 3/14,180,182,8100,8100,,R 4/ 3/25,5_午後中,,,,R 4/ 3/28,5_午後中,,,,R 4/ 3/29,,,,,,,,本文,,菊全機,1+1,R 4/ 3/25,5_午後中,,,,R 4/ 3/28,5_午後中,,,,R 4/ 3/29,,,,,表紙,,４色機,2+0,,,,,,,,,,,,,,,,,,,,,,,,,,,,,,,,,,,,,,,,,,,,,,,,,,,,,,,,,,,,,,,,,,,,,,,,,,,,,,,,,,,,,,,,,,,,,,,,,,,"4/5午前中までに仕上げておく、発送は、4月5日から予定　福山通運にて。★前回4/8発送　4/9AM着（ア　27校）
★前回4/14発送　4/15AM着（イ　25校）
★前回4/21発送　4/22AM着（ウ　12校）★4/27発送　4/28AM着（エ　4校）
★前回計38件　計8368部　残部の50部は事務局北稜へ。382部（実際は347部しかない　34部不足）は工場保管　リスト3/30済
★2019年・2020年＿荷主　松橋高校。★2021年・2022年＿荷主　北稜高校",
6002471,R 4/ 3/23  7:30,R 4/ 3/24,2_午前中,R 4/ 3/24,2_午前中,,R 4/ 2/16,2,冊子,60,沖,,熊本大学 文学部考古学研究室（国立大学法人熊本大学）,考古学研究室報告第57集,Ａ4規格,Ａ4規格,17,林田真,R 4/ 3/16,54,50,450,450,,R 4/ 3/18,2_午前中,R 4/ 3/18,43,河嶋,R 4/ 3/18,5_午後中,R 4/ 3/18,12,宮本,R 4/ 3/19,,R 4/ 3/19,54,林,,,,本文,Ａ１,菊全機,1+1,R 4/ 3/18,2_午前中,R 4/ 3/18,43,河嶋,R 4/ 3/18,5_午後中,R 4/ 3/18,12,宮本,R 4/ 3/19,,R 4/ 3/20,52,高野,表紙,菊半,単色機,1+0,R 4/ 3/18,2_午前中,R 4/ 3/18,43,河嶋,R 4/ 3/18,5_午後中,R 4/ 3/18,12,宮本,R 4/ 3/23,,,,,グラビア,Ａ２,単色機,1+1,,,R 4/ 3/18,43,河嶋,,,R 4/ 3/18,12,宮本,R 4/ 3/19,,R 4/ 3/20,52,高野,本文,Ａ２,単色機,1+1,,,,,,,,,,,,,,,,,,,,,,,,,,,,,,,,,,,,,,,,,,,,,,,,,,,,,,,,,,,,,,
2001810,R 4/ 3/22 13:28,,5_午後中,,,,,2,冊子,71,下田,,熊日サービス開発㈱,（仮）小説　本日も好日なり,四六↓タテ188×ヨコ128,,,,,,,,,,,,,,,,,,,,,,,,,,,,本文,,,,,,,,,,,,,,,,,,,表紙,,,,,,,,,,,,,,,,,,,大扉,,,,,,,,,,,,,,,,,,,カバー,,,,,,,,,,,,,,,,,,,帯,,,,,,,,,,,,,,,,,,,スリップ,,,,,,,,,,,,,,,,,,,,,,謹呈,,,,"糸かがり上製　丸背（外注先　未）
カバー　帯　マットPP加工あり
★封筒あり
R4.4月納品予定",
6002473,R 4/ 3/22 14:31,R 4/ 3/30,5_午後中,R 4/ 3/30,5_午後中,,R 4/ 2/21,2,冊子,60,沖,,熊本大学 事務局　埋蔵文化財調査センター（国立大学法人熊本大学）,先史マリアナ諸島における貝製品の研究,Ａ4規格,,,,,124,,300,,,,,,,,,,,,,,,,,,,,,本文,,,,,,,,,,,,,,,,,,,表紙,,,,,,,,,,,,,,,,,,,大扉,,,,,,,,,,,,,,,,,,,グラビア,,,,,,,,,,,,,,,,,,,図版,,,,,,,,,,,,,,,,,,,,,,,,,,,,,,,,,,,,,,,,,,,,,R4/3/30中仕上予定,
2001814,R 4/ 2/22  9:44,R 4/ 3/31,2_午前中,,,,R 4/ 2/22,2,冊子,72,内村,,熊本駅前看護リハビリテーション学院,2023年度　学生募集要項,Ａ4規格,,,,,26,,3500,,,,,,,,,,,,,,,,,,,,,本文,,,,,,,,,,,,,,,,,,,表紙,,,,,,,,,,,,,,,,,,,グラビア,,,,,,,,,,,,,,,,,,,台紙,,,,,,,,,,,,,,,,,,,,,,,,,,,,,,,,,,,,,,,,,,,,,,,,,,,,,,,,,,,,,,,,"ミシン（社内）ミシンあり。

★角2封筒と長3封筒を最後の頁に綴じ込み（上質70.5に貼りこみアタリを印刷してそれに貼りこむ）台紙●/●印刷。内職作業●/●～",
6002474,R 4/ 2/22 11:58,R 4/ 5/10,5_午後中,,,,R 4/ 2/22,2,冊子,58,村上,,㈱尚絅サポートセンター,2022年度　就職のてびき　データ作成,Ａ4規格,,,,,120,,1,,,,,,,,,,,,,,,,,,,,,,,,,,,,,,,,,,,,,,,,,,,,,,,,,,,,,,,,,,,,,,,,,,,,,,,,,,,,,,,,,,,,,,,,,,,,,,,,,,,,,,,,,,,,,,,,,,,,,,,,,,,,,,,,,,,,,,,,,,,,,,今回よりデータ作成。冊子作成不要,
6002475,R 4/ 3/22 14:46,R 4/ 3/23,5_午後中,R 4/ 3/28,2_午前中,,R 4/ 2/22,2,冊子,58,村上,,熊本マリスト学園,令和4年度　入学試験問題集（中学）,Ｂ5規格,,,,,56,,1800,,,,,,,,,,,,,,,,,,,,,本文,,,,,,,,,,,,,,,,,,,表紙,,,,,,,,,,,,,,,,,,,中扉,,,,,,,,,,,,,,,,,,,,,,,,,,,,,,,,,,,,,,,,,,,,,,,,,,,,,,,,,,,,,,,,,,,,,,,,,,,,,,,,,,,R4/3/28午前中仕上予定,
6002476,R 4/ 3/22 14:46,R 4/ 3/23,5_午後中,R 4/ 3/28,2_午前中,,R 4/ 2/22,2,冊子,58,村上,,熊本マリスト学園,令和4年度　入学試験問題集（高校）,Ｂ5規格,,,,,96,,2300,,,,,,,,,,,,,,,,,,,,,本文,,,,,,,,,,,,,,,,,,,表紙,,,,,,,,,,,,,,,,,,,中扉,,,,,,,,,,,,,,,,,,,,,,,,,,,,,,,,,,,,,,,,,,,,,,,,,,,,,,,,,,,,,,,,,,,,,,,,,,,,,,,,,,,R4/3/28午前中仕上予定,
2001816,R 4/ 2/24 11:13,R 4/ 3/31,2_午前中,,,,R 4/ 2/22,2,冊子,72,内村,,熊本駅前看護リハビリテーション学院,令和5年度指定校推薦学生募集要項,,,,,,8,,600,,,,,,,,,,,,,,,,,,,,,本文,,,,,,,,,,,,,,,,,,,表紙,,オンデマンド,,,,,,,,,,,,,,,,,,,,,,,,,,,,,,,,,,,,,,,,,,,,,,,,,,,,,,,,,,,,,,,,,,,,,,,,,,,,,,,,,,,,,,,,,,,,,,,,,,,,"表紙＿オンデマンド。本文＿印刷
★表紙はサイズ縦303×横424。中身は、すべてA4投げ込み
★1頁＿ミシン4本あり（社内）。
★No.1025918角2封筒・No.1025919長3封筒投げ込みあり",
6002478,R 4/ 3/22 14:47,R 4/ 3/30,2_午前中,,,,R 4/ 2/22,2,冊子,58,村上,,熊本学園大学,会計職紀要　第１３号,Ｂ5規格,,,,,100,,50,,,,,,,,,,,,,,,,,,,,,本文,,,,,,,,,,,,,,,,,,,表紙,,,,,,,,,,,,,,,,,,,抜刷表紙,,オンデマンド,,,,,,,,,,,,,,,,,,,,,,,,,,,,,,,,,,,,,,,,,,,,,,,,,,,,,,,,,,,,,,,,,,,,,,,,,,,,,,,,,"★表紙透明PP（前回社内＿●/●あがり予定）。
★抜刷有り＿前回は4種各50部。
表紙インキ：墨、見本色（ウグイス）
R4/4月中旬予定",
9200701,R 4/ 3/19  7:28,R 4/ 3/29,3_３時,R 4/ 3/29,3_３時,,R 4/ 3/11,2,冊子,83,本田,,九州循環器撮影研究会,九州循環器撮影研究会会誌  No.32 2021,Ａ4規格,Ａ4規格,17,林田真,R 4/ 3/16,54,82,200,200,,R 4/ 3/17,5_午後中,R 4/ 3/16,15,中川,R 4/ 3/18,2_午前中,R 4/ 3/17,23,江藤,R 4/ 3/18,,R 4/ 3/19,77,鈴木,,,,本文,Ａ１,菊全機,1+1,R 4/ 3/17,5_午後中,R 4/ 3/16,15,中川,R 4/ 3/18,2_午前中,R 4/ 3/17,23,江藤,R 4/ 3/18,,R 4/ 3/19,52,高野,表紙,菊半,単色機,1+0,,,R 4/ 3/17,15,中川,,,R 4/ 3/17,23,江藤,R 4/ 3/18,,R 4/ 3/19,52,高野,本文,Ａ２,単色機,1+1,,,,,,,,,,,,,,,,,,,,,,,,,,,,,,,,,,,,,,,,,,,,,,,,,,,,,,,,,,,,,,,,,,,,,,,,,,,,,,,,"3/29発送　3/30AM着
10箇所へ2部ずつと、109箇所へ1部ずつ、ヤマトDM便にて計119件　129部納品（封筒＿先方持込　未）タックは今回からシモダで作成
★封筒・鑑文持込3/15済　　★今回は振込用紙持込なし
残部71部と予備は九コンへ。
熊本支店小川さん予備5部　　",
9200700,R 4/ 3/22 11:15,R 4/ 3/22,3_３時,R 4/ 3/22,3_３時,,R 4/ 2/24,2,冊子,83,本田,,大野城市役所,アクセシビリティハンドブック印刷製本業務,Ａ5規格,Ａ5規格,8,河野み,R 4/ 3/ 7,28,28,800,800,,R 4/ 3/10,5_午後中,R 4/ 3/11,32,内田,R 4/ 3/11,5_午後中,R 4/ 3/11,12,宮本,R 4/ 3/14,,R 4/ 3/15,76,松岡,R 4/ 3/22,42,宮崎理,本文,菊半,４色機,4+4,R 4/ 3/10,5_午後中,R 4/ 3/11,32,内田,R 4/ 3/11,5_午後中,R 4/ 3/11,12,宮本,R 4/ 3/14,,R 4/ 3/15,76,松岡,表紙,菊半,４色機,4+1,,,,,,,,,,,,,,,,,,,,,,,,,,,,,,,,,,,,,,,,,,,,,,,,,,,,,,,,,,,,,,,,,,,,,,,,,,,,,,,,,,,,,,,,,,,,,,,,,,,3/22発送　3/23AM着（発送先　3/11済）,
2001817,R 4/ 3/16 12:16,R 4/ 3/30,2_午前中,R 4/ 3/30,2_午前中,,R 4/ 2/25,2,冊子,72,内村,,美里町長（総務課）,美里町公共施設等マネジメント計画（資料編除く）,Ａ4規格,Ａ4規格,17,林田真,R 4/ 3/16,96,94,100,100,,R 4/ 3/18,,,,,,,,,,,,,,,,,,本文,,オンデマンド,,R 4/ 3/18,,,,,,,,,,,,,,,表紙,,オンデマンド,,,,,,,,,,,,,,,,,,,,,,,,,,,,,,,,,,,,,,,,,,,,,,,,,,,,,,,,,,,,,,,,,,,,,,,,,,,,,,,,,,,,,,,,,,,,,,,,,,,,"オンデマンド　
",
6002460,R 4/ 2/26  9:58,R 4/ 6/22,5_午後中,,,,R 4/ 2/25,2,冊子,55,小川,,㈱ゆうプランニング,令和5年度熊ゼミ問題集(理科)改訂版,Ａ4規格,,,,,162,,2250,,,,,,,,,,,,,,,,,,,,,本文,,,,,,,,,,,,,,,,,,,表紙,,,,,,,,,,,,,,,,,,,学力検査,,,,,,,,,,,,,,,,,,,スリップ,,,,,,,,,,,,,,,,,,,,,,,,,,,,,,,,,,,,,,,,,,,,,,,,,,,,,,,,,,,,,,,,"●/●朝、表紙透明PP加工シャイニングへ＿外注上がり●/●午前。
★学力検査問題＿1種あり

★前回　162頁で1箱30部入り",
6002461,R 4/ 2/26  9:58,R 4/ 6/22,5_午後中,,,,R 4/ 2/25,2,冊子,55,小川,,㈱ゆうプランニング,令和5年度熊ゼミ解答集(理科)（No.6002460に含む）,Ｂ5規格,,,,,32,,2100,,,,,,,,,,,,,,,,,,,,,本文,,,,,,,,,,,,,,,,,,,表紙,,,,,,,,,,,,,,,,,,,,,,,,,,,,,,,,,,,,,,,,,,,,,,,,,,,,,,,,,,,,,,,,,,,,,,,,,,,,,,,,,,,,,,,,,,,,,,,,,,,,,,№6002460問題集の巻頭に投げ込む。,
9200704,R 4/ 2/26 10: 0,R 4/ 5/16,3_３時,,,,,2,冊子,83,本田,,朝倉記念病院,年報  2022,Ｂ5規格,,,,,172,,470,,,,,,,,,,,,,,,,,,,,,本文,,,,,,,,,,,,,,,,,,,表紙,,,,,,,,,,,,,,,,,,,,,,,,,,,,,,,,,,,,,,,,,,,,,,,,,,,,,,,,,,,,,,,,,,,,,,,,,,,,,,,,,,,,,,,,,,,,,,,,,,,,,,"5/16発送　5/17AM着（発送先　未）。
2カ所へ発送＿朝倉記念病院＿原様へ330部と中村様へ20部。
城山荘へ120部
★パレット送りでも可
★★★コピー伝票",
6002462,R 4/ 2/28 16: 7,R 4/ 6/29,5_午後中,,,,R 4/ 2/28,2,冊子,55,小川,,㈱ゆうプランニング,令和5年度熊ゼミ問題集(社会)改訂版,Ａ4規格,,,,,168,,2100,,,,,,,,,,,,,,,,,,,,,本文,,,,,,,,,,,,,,,,,,,表紙,,,,,,,,,,,,,,,,,,,学力検査,,,,,,,,,,,,,,,,,,,スリップ,,,,,,,,,,,,,,,,,,,,,,,,,,,,,,,,,,,,,,,,,,,,,,,,,,,,,,,,,,,,,,,,"●/●朝、表紙透明PP加工シャイニングへ＿外注上がり●/●午前
★学力検査問題1種あり。

★前回168頁　1箱30部入り",
6002463,R 4/ 2/28 16:10,R 4/ 6/29,5_午後中,,,,R 4/ 2/28,2,冊子,55,小川,,㈱ゆうプランニング,令和5年度熊ゼミ解答集(社会)（No.6002462含む）,Ｂ5規格,,,,,40,,2250,,,,,,,,,,,,,,,,,,,,,本文,,,,,,,,,,,,,,,,,,,表紙,,,,,,,,,,,,,,,,,,,,,,,,,,,,,,,,,,,,,,,,,,,,,,,,,,,,,,,,,,,,,,,,,,,,,,,,,,,,,,,,,,,,,,,,,,,,,,,,,,,,,,№6002462問題集の巻頭に投げ込む。,
6002488,R 4/ 3/23  7:21,R 4/ 3/26,5_午後中,R 4/ 3/28,5_午後中,,R 4/ 2/28,2,冊子,60,沖,,熊本大学 文学部　永青文庫研究センター（国立大学法人熊本大学）,年報 第13号,Ａ4規格,Ａ4規格,17,林田真,R 4/ 3/18,38,42,250,260,,R 4/ 3/19,2_午前中,R 4/ 3/19,15,中川,R 4/ 3/22,2_午前中,R 4/ 3/19,12,宮本,R 4/ 3/23,,,,,,,,本文,Ａ１,菊全機,1+1,R 4/ 3/19,2_午前中,R 4/ 3/19,15,中川,R 4/ 3/22,2_午前中,R 4/ 3/19,12,宮本,R 4/ 3/23,,,,,表紙,４切,単色機,1+0,,,R 4/ 3/19,15,中川,,,R 4/ 3/19,12,宮本,R 4/ 3/23,,R 4/ 3/23,52,高野,本文,Ａ２,単色機,1+1,,,,,,,,,,,,,,,,,,,,,,,,,,,,,,,,,,,,,,,,,,,,,,,,,,,,,,,,,,,,,,,,,,,,,,,,,,,,,,,,,
6002489,R 4/ 3/22 13:27,R 4/ 3/23,5_午後中,R 4/ 3/26,5_午後中,,R 4/ 3/ 1,2,冊子,41,塚本,,熊壮ソフトテニスクラブ,令和4年度　大会要項,Ａ4規格,Ａ4規格,17,林田真,R 4/ 3/17,48,40,200,200,,R 4/ 3/19,,R 4/ 3/19,43,河嶋,,,,,,,,R 4/ 3/22,46,影下,,,,本文,,オンデマンド,,R 4/ 3/19,,R 4/ 3/19,43,河嶋,,,,,,,,R 4/ 3/22,46,影下,表紙,,オンデマンド,,,,,,,,,,,,,,,,,,,,,,,,,,,,,,,,,,,,,,,,,,,,,,,,,,,,,,,,,,,,,,,,,,,,,,,,,,,,,,,,,,,,,,,,,,,,,,,,,,,,"オンデマンド
★表紙＿先方印刷済刷紙にオンデマンドで刷り込みあり　刷紙持込済
",
2001818,R 4/ 3/22 15: 3,R 4/ 3/25,5_午後中,R 4/ 4/ 4,5_午後中,,R 4/ 2/28,2,冊子,52,宮本,,熊日サービス開発㈱,第44期　熊日経営セミナーパンフレット,Ａ4規格,,,,,8,,500,,,,,,,,,,,,,,,,,,,,,,,,,,,,,,,,,,,,,,,,,,,,,,,,,,,,,,,,,,,,,,,,,,,,,,,,,,,,,,,,,,,,,,,,,,,,,,,,,,,,,,,,,,,,,,,,,,,,,,,,,,,,,,,,,,,,,,,,,,,,,,"中綴じ（社内）
R4/4/4仕上予定",
6002490,R 4/ 3/23  7:24,R 4/ 3/19,5_午後中,R 4/ 3/29,2_午前中,,R 4/ 3/ 1,2,冊子,60,沖,,熊本大学 文学部（国立大学法人熊本大学）,令和4年度文学部履修案内,Ａ4規格,Ａ4規格,17,林田真,R 4/ 3/18,54,54,950,950,,R 4/ 3/23,2_午前中,,,,R 4/ 3/23,5_午後中,,,,R 4/ 3/24,,,,,,,,本文,,菊全機,1+1,R 4/ 3/23,2_午前中,,,,R 4/ 3/23,5_午後中,,,,R 4/ 3/24,,,,,表紙,,単色機,1+0,R 4/ 3/23,2_午前中,,,,R 4/ 3/23,5_午後中,,,,R 4/ 3/24,,,,,折込,,単色機,1+1,R 4/ 3/19,2_午前中,R 4/ 3/19,32,内田,R 4/ 3/19,5_午後中,,,,R 4/ 3/22,,R 4/ 3/23,52,高野,ミシン,,単色機,1+1,,,,,,,,,,,,,,,,,,,,,,,,,,,,,,,,,,,,,,,,,,,,,,,,,,,,,,,,,,,,,"★6頁のミシン頁のみ校了3/14＿印刷進めて　ミシン加工先行して下さい
6頁分＿2穴＿2カ所　と　ミシン１本×３カ所あり
折込あり4枚あり＿A3規格
★表紙用紙発注依頼3/14午後5時済",
6002464,R 4/ 3/ 1 14:47,R 4/ 6/29,5_午後中,,,,R 4/ 3/ 1,2,冊子,55,小川,,㈱ゆうプランニング,令和5年度熊ゼミ問題集(数学)改訂版,Ａ4規格,,,,,106,,2150,,,,,,,,,,,,,,,,,,,,,本文,,,,,,,,,,,,,,,,,,,表紙,,,,,,,,,,,,,,,,,,,16頁学力A,,,,,,,,,,,,,,,,,,,16頁学力B,,,,,,,,,,,,,,,,,,,スリップ,,,,,,,,,,,,,,,,,,,,,,,,,,,,,,,,,,,,,,,,,,,,,"●/●朝、表紙透明PP加工シャイニングへ＿外注上がり●/●午前。
★学力検査問題＿2種あり

★前回106頁　1箱30部入り",
6002465,R 4/ 3/ 1 14:48,R 4/ 6/29,5_午後中,,,,R 4/ 3/ 1,2,冊子,55,小川,,㈱ゆうプランニング,令和5年度熊ゼミ解答集(数学)（No.6002464に含む）,Ｂ5規格,,,,,54,,2150,,,,,,,,,,,,,,,,,,,,,本文,,,,,,,,,,,,,,,,,,,表紙,,,,,,,,,,,,,,,,,,,,,,,,,,,,,,,,,,,,,,,,,,,,,,,,,,,,,,,,,,,,,,,,,,,,,,,,,,,,,,,,,,,,,,,,,,,,,,,,,,,,,,№6002464問題集の巻頭に投げ込む。,
9200707,R 4/ 3/20  7:25,R 4/ 3/24,3_３時,R 4/ 3/24,3_３時,,R 4/ 3/ 1,2,冊子,83,本田,,純真女子短期大学,純真紀要　第62号,Ａ4規格,Ａ4規格,17,林田真,R 4/ 3/17,20,20,150,150,,R 4/ 3/18,5_午後中,R 4/ 3/18,43,河嶋,R 4/ 3/19,2_午前中,R 4/ 3/19,12,宮本,R 4/ 3/19,,R 4/ 3/20,77,鈴木,,,,本文,Ａ１,菊全機,,R 4/ 3/18,5_午後中,R 4/ 3/18,43,河嶋,R 4/ 3/19,2_午前中,R 4/ 3/19,12,宮本,R 4/ 3/19,,R 4/ 3/20,52,高野,表紙,Ａ２,単色機,1+0,R 4/ 3/18,,R 4/ 3/18,43,河嶋,,,,,,,,,,,抜刷表紙,,オンデマンド,,,,R 4/ 3/19,43,河嶋,,,R 4/ 3/19,12,宮本,R 4/ 3/19,,R 4/ 3/20,52,高野,本文,Ａ２,単色機,,,,,,,,,,,,,,,,,,,,,,,,,,,,,,,,,,,,,,,,,,,,,,,,,,,,,,,,,,,,,,"3/24発送　3/25AM着（発送先指示　3/17済）
抜刷1種30部
",
6002495,R 4/ 3/18 18:51,R 4/ 3/29,5_午後中,R 4/ 3/29,5_午後中,,R 4/ 3/ 2,2,冊子,41,塚本,,JP労組九州地方本部,ＪＰ労組九州地方本部　機関紙「JUMP　4月号」,Ａ4規格縦長,Ａ4規格縦長,17,林田真,R 4/ 3/18,16,16,28500,28790,,R 4/ 3/24,4_５時,,,,R 4/ 3/24,5_午後中,,,,R 4/ 3/25,,,,,,,,本文,Ａ１,菊全機,4+4,,,,,,,,,,,,,,,,,,,,,,,,,,,,,,,,,,,,,,,,,,,,,,,,,,,,,,,,,,,,,,,,,,,,,,,,,,,,,,,,,,,,,,,,,,,,,,,,,,,,,,,,,,,,,,,,,,,,,,"3/24校了予定　
中綴じ（社内）。
3/30朝、菊陽学園・在宅支援センター引取",
6002496,R 4/ 3/22 14:47,R 4/ 3/14,2_午前中,R 4/ 3/24,5_午後中,,,2,冊子,58,村上,,㈱熊本アグリシステム,令和４年度（第２１期）事業計画書,Ａ4規格,,,,,12,,120,,,,,,,,,,,,,,,,,,,,,本文,,オンデマンド,,,,,,,,,,,,,,,,,表紙,,オンデマンド,,,,,,,,,,,,,,,,,,,,,,,,,,,,,,,,,,,,,,,,,,,,,,,,,,,,,,,,,,,,,,,,,,,,,,,,,,,,,,,,,,,,,,,,,,,,,,,,,,,,"オンデマンド
R4/3/24中仕上予定",
6002466,R 4/ 3/ 2 13: 7,R 4/ 6/29,5_午後中,,,,R 4/ 3/ 1,2,冊子,55,小川,,㈱ゆうプランニング,令和5年度熊ゼミ問題集(英語)改訂版,Ａ4規格,,,,,138,,2100,,,,,,,,,,,,,,,,,,,,,本文,,,,,,,,,,,,,,,,,,,表紙,,,,,,,,,,,,,,,,,,,20頁学力A,,,,,,,,,,,,,,,,,,,20頁学力B,,,,,,,,,,,,,,,,,,,スリップ,,,,,,,,,,,,,,,,,,,,,,,,,,,,,,,,,,,,,,,,,,,,,"●/●朝、表紙透明PP加工シャイニングへ＿外注上がり●/●午前。
★学力検査問題＿AとBと2種あり。

★前回　138頁　1箱30部入り",
6002479,R 4/ 3/ 2 13:10,R 4/ 6/29,5_午後中,,,,R 4/ 3/ 1,2,冊子,55,小川,,㈱ゆうプランニング,令和5年度熊ゼミ解答集(英語)（No.6002466に含む）,Ｂ5規格,,,,,48,,2100,,,,,,,,,,,,,,,,,,,,,本文,,,,,,,,,,,,,,,,,,,表紙,,,,,,,,,,,,,,,,,,,,,,,,,,,,,,,,,,,,,,,,,,,,,,,,,,,,,,,,,,,,,,,,,,,,,,,,,,,,,,,,,,,,,,,,,,,,,,,,,,,,,,№6002466問題集の巻頭に投げ込む。,
6002492,R 4/ 3/22 11:14,R 4/ 3/14,5_午後中,R 4/ 3/22,2_午前中,,R 4/ 3/ 1,2,冊子,41,塚本,,熊本大学 文学部（大学院人文社会科学研究センター）,年報　第2号　2021年度（令和3年度）,Ａ4規格,Ａ4規格,8,河野み,R 4/ 3/15,34,34,200,200,,R 4/ 3/15,5_午後中,R 4/ 3/16,32,内田,,,,,,,,R 4/ 3/19,46,影下,R 4/ 3/22,42,宮崎理,本文,,オンデマンド,,R 4/ 3/15,5_午後中,R 4/ 3/16,32,内田,,,,,,,,R 4/ 3/19,46,影下,表紙,,オンデマンド,,,,,,,,,,,,,,,,,,,,,,,,,,,,,,,,,,,,,,,,,,,,,,,,,,,,,,,,,,,,,,,,,,,,,,,,,,,,,,,,,,,,,,,,,,,,,,,,,,,,"オンデマンド　
★表紙用紙＿タント　L-70＜180＞",
6002480,R 4/ 3/ 2 13:10,R 4/ 6/29,5_午後中,,,,R 4/ 3/ 2,2,冊子,55,小川,,㈱ゆうプランニング,令和5年度熊ゼミ問題集(国語)改訂版,Ａ4規格,,,,,118,,2050,,,,,,,,,,,,,,,,,,,,,本文,,,,,,,,,,,,,,,,,,,表紙,,,,,,,,,,,,,,,,,,,学力検査,,,,,,,,,,,,,,,,,,,スリップ,,,,,,,,,,,,,,,,,,,,,,,,,,,,,,,,,,,,,,,,,,,,,,,,,,,,,,,,,,,,,,,,"●/●朝、表紙透明PP加工シャイニングへ＿外注上がり●/●午前。
★学力検査問題＿1種あり

★前回　118頁　1箱40部入り",
6002481,R 4/ 3/ 2 13:10,R 4/ 6/29,5_午後中,,,,R 4/ 3/ 2,2,冊子,55,小川,,㈱ゆうプランニング,令和5年度熊ゼミ解答集(国語)（No.6002480に含む）,Ｂ5規格,,,,,32,,2050,,,,,,,,,,,,,,,,,,,,,本文,,,,,,,,,,,,,,,,,,,表紙,,,,,,,,,,,,,,,,,,,,,,,,,,,,,,,,,,,,,,,,,,,,,,,,,,,,,,,,,,,,,,,,,,,,,,,,,,,,,,,,,,,,,,,,,,,,,,,,,,,,,,№6002480問題集の巻頭に投げ込む。,
2001815,R 4/ 3/22 13:27,R 4/ 3/17,5_午後中,R 4/ 3/26,5_午後中,,R 4/ 2/22,2,冊子,16,坂田,,宇城学校人権教育研究会,宇城学校人権教育研究会報告集,Ａ4規格,Ａ4規格,17,林田真,R 4/ 3/16,106,106,161,161,,R 4/ 3/17,,R 4/ 3/17,32,内田,,,,,,,,R 4/ 3/22,46,影下,,,,本文,,オンデマンド,,R 4/ 3/17,,R 4/ 3/17,32,内田,,,,,,,,R 4/ 3/22,46,影下,表紙,,オンデマンド,,,,,,,,,,,,,,,,,,,,,,,,,,,,,,,,,,,,,,,,,,,,,,,,,,,,,,,,,,,,,,,,,,,,,,,,,,,,,,,,,,,,,,,,,,,,,,,,,,,,オンデマンド,
6002493,R 4/ 3/22 14:36,R 4/ 3/27,5_午後中,R 4/ 3/28,5_午後中,,R 4/ 3/ 1,2,冊子,45,藤本,,第一生命労働組合,2022年度　総会議案書,Ａ4規格：縦長,,,,,60,,110,,,,,,,,,,,,,,,,,,,,,本文,,オンデマンド,,,,,,,,,,,,,,,,,表紙,,オンデマンド,,,,,,,,,,,,,,,,,中扉,,オンデマンド,,,,,,,,,,,,,,,,,,,,,,,,,,,,,,,,,,,,,,,,,,,,,,,,,,,,,,,,,,,,,,,,,,,,,,,,,,,,,,,,,"オンデマンド

R4/3/28仕上予定",
2001822,R 4/ 3/22 17:43,R 4/ 3/24,5_午後中,R 4/ 3/24,5_午後中,,R 4/ 3/ 3,2,冊子,16,坂田,,白井工業㈱,総合カタログVol.51,Ａ4規格,Ａ4規格,17,林田真,R 4/ 3/16,52,52,1500,1500,,R 4/ 3/17,2_午前中,R 4/ 3/18,48,前田保,R 4/ 3/17,5_午後中,R 4/ 3/17,23,江藤,R 4/ 3/18,,R 4/ 3/19,77,鈴木,R 4/ 3/22,42,宮崎理,本文,,菊全機,4+4,R 4/ 3/17,2_午前中,R 4/ 3/18,48,前田保,R 4/ 3/17,5_午後中,R 4/ 3/17,23,江藤,R 4/ 3/18,,R 4/ 3/19,76,松岡,表紙,,４色機,4+4,,,,,,,,,,,,,,,,,,,,,,,,,,,,,,,,,,,,,,,,,,,,,,,,,,,,,,,,,,,,,,,,,,,,,,,,,,,,,,,,,,,,,,,,,,,,,,,,,,,"中綴じ（社内）
2穴
",
6002499,R 4/ 3/22 14:28,R 4/ 3/24,2_午前中,,,,R 4/ 3/ 3,2,冊子,41,塚本,,九州ルーテル学院大学（阿蘇学会）,阿蘇学会誌　創刊号　（通巻第１号）,Ａ4規格縦長,,,,,50,,500,,,,,,,,,,,,,,,,,,,,,本文,,,,,,,,,,,,,,,,,,,表紙,,,,,,,,,,,,,,,,,,,,,,,,,,,,,,,,,,,,,,,,,,,,,,,,,,,,,,,,,,,,,,,,,,,,,,,,,,,,,,,,,,,,,,,,,,,,,,,,,,,,,,"校了時、アルミかオンデマンド決める

R4/3/26中仕上予定",
6002500,R 4/ 3/ 4 15:53,R 4/ 4/12,5_午後中,,,,R 4/ 3/ 4,2,冊子,58,村上,,熊本県俳句協会,熊本俳句2022　NO.52,Ａ5規格,,,,,80,,250,,,,,,,,,,,,,,,,,,,,,本文,,,,,,,,,,,,,,,,,,,表紙,,,,,,,,,,,,,,,,,,,,,,,,,,,,,,,,,,,,,,,,,,,,,,,,,,,,,,,,,,,,,,,,,,,,,,,,,,,,,,,,,,,,,,,,,,,,,,,,,,,,,,,
2001824,R 4/ 3/23  7:30,R 4/ 3/30,5_午後中,R 4/ 3/24,5_午後中,,R 4/ 3/ 4,2,冊子,5,谷岡,,熊本県立八代農業高等学校 泉分校,学校紹介マンガ「ポツンと泉分校」,Ａ5規格 タテ,Ａ5規格 タテ,17,林田真,R 4/ 3/17,8,8,2500,2500,,R 4/ 3/18,2_午前中,R 4/ 3/18,48,前田保,R 4/ 3/19,5_午後中,R 4/ 3/18,12,宮本,R 4/ 3/23,,,,,,,,本文,菊半,単色機,1+1,R 4/ 3/18,2_午前中,R 4/ 3/18,48,前田保,R 4/ 3/19,5_午後中,R 4/ 3/18,12,宮本,R 4/ 3/22,,R 4/ 3/22,76,松岡,表紙,菊半,４色機,4+4,,,,,,,,,,,,,,,,,,,,,,,,,,,,,,,,,,,,,,,,,,,,,,,,,,,,,,,,,,,,,,,,,,,,,,,,,,,,,,,,,,,,,,,,,,,,,,,,,,,中綴じ（社内）,
6002501,R 4/ 3/22 11:15,R 4/ 3/22,2_午前中,R 4/ 3/22,2_午前中,,R 4/ 3/ 8,2,冊子,60,沖,,熊本大学 文学部（中島啓子様）,抜刷増刷（社文教紀要19　中島様分）,Ｂ5規格,Ｂ5規格,17,林田真,R 4/ 3/ 8,22,22,100,100,,R 4/ 3/10,,R 4/ 3/14,43,河嶋,,,,,,,,R 4/ 3/17,46,影下,R 4/ 3/22,42,宮崎理,本文,,オンデマンド,,R 4/ 3/10,,R 4/ 3/14,43,河嶋,,,,,,,,R 4/ 3/17,46,影下,表紙,,オンデマンド,,,,,,,,,,,,,,,,,,,,,,,,,,,,,,,,,,,,,,,,,,,,,,,,,,,,,,,,,,,,,,,,,,,,,,,,,,,,,,,,,,,,,,,,,,,,,,,,,,,,オンデマンド,
9200708,R 4/ 3/19 17:36,R 4/ 3/29,3_３時,R 4/ 3/29,3_３時,,R 4/ 3/ 9,2,冊子,83,本田,,純真学園大学,臨床実習要項（指導者用）,Ａ4規格,Ａ4規格,17,林田真,R 4/ 3/17,48,48,100,100,,R 4/ 3/18,,R 4/ 3/19,25,中馬,,,,,,,,,,,,,,本文,,オンデマンド,,R 4/ 3/18,,R 4/ 3/19,25,中馬,,,,,,,,,,,表紙,,オンデマンド,,,,,,,,,,,,,,,,,,,,,,,,,,,,,,,,,,,,,,,,,,,,,,,,,,,,,,,,,,,,,,,,,,,,,,,,,,,,,,,,,,,,,,,,,,,,,,,,,,,,"オンデマンド
3/29発送　3/30AM着（発送先　未）",
2001826,R 4/ 3/22 13:28,,5_午後中,,,,,2,冊子,71,下田,,熊日サービス開発㈱,（仮）写真＆随想　こころに沁みる風景,Ａ4変形↓タテ210×ヨコ210,,,,,96,,,,,,,,,,,,,,,,,,,,,,,本文,,オンデマンド,,,,,,,,,,,,,,,,,本文,,オンデマンド,,,,,,,,,,,,,,,,,,,,,,,,,,,,,,,,,,,,,,,,,,,,,,,,,,,,,,,,,,,,,,,,,,,,,,,,,,,,,,,,,,,,,,,,,,,,,,,,,,,,"オンデマンド
表紙透明PP加工あり（社内　外注）

R4.4月、5月納品予定",
2001827,R 4/ 3/23  7:24,R 4/ 3/29,5_午後中,R 4/ 3/29,5_午後中,,R 4/ 3/ 9,2,冊子,71,下田,,熊日サービス開発㈱,きょうから使おう　英語で熊本弁,Ａ5規格,Ａ5規格,17,林田真,R 4/ 3/16,160,162,1500,1500,,R 4/ 3/19,2_午前中,R 4/ 3/19,25,中馬,R 4/ 3/19,5_午後中,R 4/ 3/19,12,宮本,R 4/ 3/22,,R 4/ 3/23,77,鈴木,,,,本文,Ａ１,菊全機,1+1,R 4/ 3/19,2_午前中,R 4/ 3/19,25,中馬,R 4/ 3/19,5_午後中,,,,R 4/ 3/22,,R 4/ 3/23,52,高野,表紙,菊半,単色機,1+0,R 4/ 3/19,2_午前中,R 4/ 3/19,25,中馬,R 4/ 3/19,5_午後中,R 4/ 3/19,12,宮本,R 4/ 3/23,,,,,大扉,９切,単色機,1+0,R 4/ 3/19,2_午前中,R 4/ 3/19,25,中馬,R 4/ 3/19,5_午後中,R 4/ 3/19,12,宮本,R 4/ 3/23,,,,,カバー,４切,４色機,4+0,R 4/ 3/19,2_午前中,R 4/ 3/19,25,中馬,R 4/ 3/19,5_午後中,R 4/ 3/19,12,宮本,R 4/ 3/23,,,,,帯,４切,４色機,4+0,R 4/ 3/19,2_午前中,R 4/ 3/19,25,中馬,R 4/ 3/19,5_午後中,R 4/ 3/19,12,宮本,R 4/ 3/23,,,,,スリップ,Ａ３,単色機,1+0,,,,,,,,,,,,,,,,,,,,,,,"3/24朝、カバー・帯（同時面付）マットPP加工へ　シャイニングへ　外注受取3/25午前
",
2001828,R 4/ 3/22  7:30,R 4/ 3/29,5_午後中,R 4/ 3/24,5_午後中,,R 4/ 3/ 8,2,冊子,5,谷岡,,熊本県立八代農業高等学校,芳名録(創立100周年記念式典運営委員会),Ａ4規格タテ,Ａ4規格タテ,17,林田真,R 4/ 3/17,10,12,920,920,,R 4/ 3/17,5_午後中,R 4/ 3/19,15,中川,R 4/ 3/19,5_午後中,R 4/ 3/18,12,宮本,R 4/ 3/22,,R 4/ 3/22,76,松岡,,,,本文,Ａ２,４色機,1+1,R 4/ 3/17,5_午後中,R 4/ 3/19,15,中川,R 4/ 3/19,5_午後中,R 4/ 3/18,12,宮本,R 4/ 3/23,,,,,表紙,菊半,４色機,4+4,,,,,,,,,,,,,,,,,,,,,,,,,,,,,,,,,,,,,,,,,,,,,,,,,,,,,,,,,,,,,,,,,,,,,,,,,,,,,,,,,,,,,,,,,,,,,,,,,,,,
2001829,R 4/ 3/22 13:19,R 4/ 4/ 1,5_午後中,R 4/ 4/ 4,2_午前中,,R 4/ 3/ 9,2,冊子,72,内村,,熊本駅前看護リハビリテーション学院,2022年度　学生便覧,Ａ4規格,,,,,108,,590,,,,,,,,,,,,,,,,,,,,,本文,,,,,,,,,,,,,,,,,,,表紙,,,,,,,,,,,,,,,,,,,,,,,,,,,,,,,,,,,,,,,,,,,,,,,,,,,,,,,,,,,,,,,,,,,,,,,,,,,,,,,,,,,,,,,,,,,,,,,,,,,,,,R4/4/4午前中仕上予定,
6002497,R 4/ 3/22 13:28,R 4/ 3/22,5_午後中,R 4/ 3/24,5_午後中,,R 4/ 3/ 8,2,冊子,45,藤本,,熊本県立ひのくに高等支援学校,生徒手帳,タテ：114㎜　×　ヨコ：75㎜,タテ：114㎜　×　ヨコ：75㎜,8,河野み,R 4/ 3/15,40,40,50,50,,R 4/ 3/16,5_午後中,R 4/ 3/16,15,中川,,,,,,,,R 4/ 3/22,46,影下,,,,本文,,オンデマンド,,R 4/ 3/16,5_午後中,R 4/ 3/16,15,中川,,,,,,,,R 4/ 3/22,46,影下,表紙,,オンデマンド,,,,,,,,,,,,,,,,,,,,,,,,,,,,,,,,,,,,,,,,,,,,,,,,,,,,,,,,,,,,,,,,,,,,,,,,,,,,,,,,,,,,,,,,,,,,,,,,,,,,"オンデマンド　中綴じ（社内）。
カバーはイワネ包材＿営業手配3/8済み",
6002507,R 4/ 3/22 18:42,R 4/ 3/24,5_午後中,R 4/ 3/29,5_午後中,,R 4/ 3/ 9,2,冊子,58,村上,,㈱尚絅サポートセンター,慈済大学　交流協定締結10周年記念誌,Ａ4規格,Ａ4規格,17,林田真,R 4/ 3/18,52,50,35,35,,R 4/ 3/22,,R 4/ 3/22,32,内田,,,,,,,,,,,,,,本文,,オンデマンド,,R 4/ 3/22,,R 4/ 3/22,32,内田,,,,,,,,,,,表紙,,オンデマンド,,,,,,,,,,,,,,,,,,,,,,,,,,,,,,,,,,,,,,,,,,,,,,,,,,,,,,,,,,,,,,,,,,,,,,,,,,,,,,,,,,,,,,,,,,,,,,,,,,,,オンデマンド,
6002508,R 4/ 3/22 18:53,R 4/ 3/24,5_午後中,R 4/ 3/29,5_午後中,,R 4/ 3/ 9,2,冊子,58,村上,,㈱尚絅サポートセンター,慈済大学　交流協定締結10周年記念誌（ハードカバー）,Ａ4規格,Ａ4規格,17,林田真,R 4/ 3/18,52,50,6,6,,R 4/ 3/19,,R 4/ 3/22,25,中馬,,,,,,,,,,,,,,本文,,オンデマンド,,R 4/ 3/22,4_５時,R 4/ 3/22,25,中馬,R 4/ 3/22,5_午後中,R 4/ 3/22,12,宮本,R 4/ 3/23,,,,,表紙,４切,単色機,1+1,,,,,,,,,,,,,,,,,,,,,,,,,,,,,,,,,,,,,,,,,,,,,,,,,,,,,,,,,,,,,,,,,,,,,,,,,,,,,,,,,,,,,,,,,,,,,,,,,,,"本文＿オンデマンド　表紙＿印刷（社内　透明PP加工あり　3/24PPかける）
糸かがり上製本　目引き製本（本文10冊分はわたす　ペラ出力し、上製本のように製本して頂く）
泰文堂製本へ　刷紙3/24発送　3/25AM着（見返し用紙も送る）",
2001831,R 4/ 3/22 17:43,R 4/ 3/24,5_午後中,R 4/ 3/24,5_午後中,,R 4/ 3/ 9,2,冊子,16,坂田,,白井工業㈱,用水・排水調節器　歩掛表,Ａ4規格,Ａ4規格,17,林田真,R 4/ 3/ 9,8,8,1500,1500,,R 4/ 3/11,2_午前中,R 4/ 3/11,25,中馬,R 4/ 3/14,5_午後中,R 4/ 3/11,12,宮本,R 4/ 3/16,,R 4/ 3/17,54,林,R 4/ 3/22,42,宮崎理,,Ａ２,単色機,1+1,,,,,,,,,,,,,,,,,,,,,,,,,,,,,,,,,,,,,,,,,,,,,,,,,,,,,,,,,,,,,,,,,,,,,,,,,,,,,,,,,,,,,,,,,,,,,,,,,,,,,,,,,,,,,,,,,,,,,,中綴じ（社内）。2穴,
2001830,R 4/ 3/22 17:43,R 4/ 3/24,5_午後中,R 4/ 3/24,5_午後中,,R 4/ 3/ 9,2,冊子,16,坂田,,白井工業㈱,価格表,Ａ4規格,Ａ4規格,17,林田真,R 4/ 3/16,12,12,1500,1500,,R 4/ 3/17,2_午前中,R 4/ 3/17,43,河嶋,R 4/ 3/17,5_午後中,R 4/ 3/17,23,江藤,R 4/ 3/18,,R 4/ 3/18,54,林,R 4/ 3/22,42,宮崎理,本文,Ａ２,単色機,1+1,R 4/ 3/17,2_午前中,R 4/ 3/17,43,河嶋,R 4/ 3/17,5_午後中,R 4/ 3/17,23,江藤,R 4/ 3/18,,R 4/ 3/18,54,林,表紙,Ａ２,単色機,1+1,,,,,,,,,,,,,,,,,,,,,,,,,,,,,,,,,,,,,,,,,,,,,,,,,,,,,,,,,,,,,,,,,,,,,,,,,,,,,,,,,,,,,,,,,,,,,,,,,,,中綴じ（社内）。2穴,
2001832,R 4/ 3/22 13:23,R 4/ 3/29,5_午後中,R 4/ 3/29,5_午後中,,R 4/ 3/ 9,2,冊子,5,谷岡,,上天草高等学校,令和3年度　地域との協働による高等学校教育改革推進事業報告書,Ａ4規格タテ,,,,,48,,320,,,,,,,,,,,,,,,,,,,,,本文,,,,,,,,,,,,,,,,,,,表紙,,,,,,,,,,,,,,,,,,,,,,,,,,,,,,,,,,,,,,,,,,,,,,,,,,,,,,,,,,,,,,,,,,,,,,,,,,,,,,,,,,,,,,,,,,,,,,,,,,,,,,R4/3/29仕上予定,
6002516,R 4/ 3/22 14:53,R 4/ 3/31,2_午前中,R 4/ 3/31,2_午前中,,R 4/ 3/10,2,冊子,54,山口,,熊本総合医療リハビリテーション学院,令和4年度　学生便覧,Ａ4規格,,,,,52,,660,,,,,,,,,,,,,,,,,,,,,本文,,,,,,,,,,,,,,,,,,,表紙,,,,,,,,,,,,,,,,,,,折込,,,,,,,,,,,,,,,,,,,,,,,,,,,,,,,,,,,,,,,,,,,,,,,,,,,,,,,,,,,,,,,,,,,,,,,,,,,,,,,,,,,"A3折込1枚あり

R4/3/31午前中仕上予定",
2001833,R 4/ 3/22 13:23,R 4/ 4/11,5_午後中,,,,R 4/ 3/ 9,2,冊子,5,谷岡,,大海建設㈱,パンフレット(障がい者、高齢者向け施設の土地・資産活用),Ａ4規格タテ,,,,,12,,1000,,,,,,,,,,,,,,,,,,,,,本文,,,,,,,,,,,,,,,,,,,,,,,,,,,,,,,,,,,,,,,,,,,,,,,,,,,,,,,,,,,,,,,,,,,,,,,,,,,,,,,,,,,,,,,,,,,,,,,,,,,,,,,,,,,,,,,,,,,,,,,,,"中綴じ（社内）

R4.4月納品予定",
2001823,R 4/ 3/14  7:23,R 4/ 3/30,5_午後中,R 4/ 3/30,5_午後中,,R 4/ 3/10,2,冊子,20,河野,,㈱マインド,<県社協福祉人材研修センター様>「ＫＡｉＧＯ　ＰＲｉＤＥ」啓発資材作成,Ａ5規格,Ａ5規格,17,林田真,R 4/ 3/10,20,20,2000,2000,,R 4/ 3/14,2_午前中,R 4/ 3/11,15,中川,R 4/ 3/14,5_午後中,R 4/ 3/11,12,宮本,R 4/ 3/15,,R 4/ 3/14,76,松岡,,,,本文,菊半,４色機,4+4,R 4/ 3/11,1_10時,R 4/ 3/11,15,中川,R 4/ 3/11,2_午前中,R 4/ 3/11,12,宮本,R 4/ 3/11,,R 4/ 3/14,76,松岡,表紙,４切,４色機,4+4,,,,,,,,,,,,,,,,,,,,,,,,,,,,,,,,,,,,,,,,,,,,,,,,,,,,,,,,,,,,,,,,,,,,,,,,,,,,,,,,,,,,,,,,,,,,,,,,,,,"★中綴じ（社内）　★3/31、福祉人材研修センターへ納品。
★表紙の4頁分のみ3/11中印刷完了
★3/14ヒル便で熊本支店へ届ける。マインド様受取。（天野スクリーン様外注・マインド手配）
★表紙刷紙　4切2丁　1500枚は渡す＿1130枚は仕上げて頂く
★本文　3/12中データ入稿。3/11入稿済",
6002517,R 4/ 3/22 14:32,R 4/ 5/20,2_午前中,,,,R 4/ 3/10,2,冊子,60,沖,,熊本白菊会 事務局,くまもと白菊　第41号,Ａ4規格,,,,,50,,1500,,,,,,,,,,,,,,,,,,,,,本文,,,,,,,,,,,,,,,,,,,表紙,,,,,,,,,,,,,,,,,,,中扉,,,,,,,,,,,,,,,,,,,グラビア,,,,,,,,,,,,,,,,,,,ハガキ,,,,,,,,,,,,,,,,,,,原稿用紙,,,,,,,,,,,,,,,,,,,,,,,,,,"ハガキ・原稿用紙は綴じ込み。ハガキ＿ミシン2本あり。原稿用紙＿ミシン1本
R4/5/20仕上予定",
2001834,R 4/ 3/22 15: 0,R 4/ 3/26,5_午後中,R 4/ 3/26,5_午後中,,R 4/ 3/11,2,冊子,16,坂田,,うと印刷,3年社会科資料・作業帳（わたしたちの宇土市）,Ａ4規格ヨコ,,,,,36,,688,,,,,,,,,,,,,,,,,,,,,本文,,,,,,,,,,,,,,,,,,,表紙,,,,,,,,,,,,,,,,,,,,,,,,,,,,,,,,,,,,,,,,,,,,,,,,,,,,,,,,,,,,,,,,,,,,,,,,,,,,,,,,,,,,,,,,,,,,,,,,,,,,,,"中綴じ（社内）

R4/3/26中仕上予定",
9200709,R 4/ 3/15  8:46,R 4/ 4/ 1,3_３時,R 4/ 4/ 1,3_３時,,R 4/ 3/12,2,冊子,81,下田,,海鳥社,鯨々（げいげい）第９集,Ａ5規格,Ａ5規格,17,林田真,R 4/ 3/14,98,98,300,300,,R 4/ 3/24,5_午後中,,,,R 4/ 3/28,5_午後中,,,,R 4/ 3/29,,,,,,,,本文,,菊全機,1+1,R 4/ 3/24,5_午後中,,,,R 4/ 3/28,5_午後中,,,,R 4/ 3/29,,,,,表紙,,４色機,4+1,R 4/ 3/24,,,,,,,,,,,,,,,スリップ,,オンデマンド,,,,,,,,,,,,,,,,,,,,,,,,,,,,,,,,,,,,,,,,,,,,,,,,,,,,,,,,,,,,,,,,,,,,,,,,,,,,,,,,,"3/22データ入稿予定
2か所へ4/1発送　4/2（土）AM着（発送先　前回と同じ済）
★スリップなし280部は著者宅へ。20部と予備10部（スリップあり）は海鳥社へ　
★表紙マットPP加工あり（社内＿3/30仕上り予定）",
6002518,R 4/ 3/22 14:32,R 4/ 3/31,2_午前中,R 4/ 3/31,2_午前中,,R 4/ 3/11,2,冊子,60,沖,,熊本大学 文学部（国立大学法人熊本大学）,Soseki and Hearn Studies Vol.3,Ａ5規格,,,,,50,,250,,,,,,,,,,,,,,,,,,,,,本文,,オンデマンド,,,,,,,,,,,,,,,,,表紙,,オンデマンド,,,,,,,,,,,,,,,,,,,,,,,,,,,,,,,,,,,,,,,,,,,,,,,,,,,,,,,,,,,,,,,,,,,,,,,,,,,,,,,,,,,,,,,,,,,,,,,,,,,,"オンデマンド

R4/3/31午前中仕上予定",
2001836,R 4/ 3/19 10:41,R 4/ 3/25,2_午前中,R 4/ 3/25,2_午前中,,R 4/ 3/14,2,冊子,16,坂田,,熊本県保健環境科学研究所,熊本県保管環境科学研究所報№50,Ａ4規格,Ａ4規格,17,林田真,R 4/ 3/17,88,94,110,110,,R 4/ 3/18,,R 4/ 3/19,32,内田,,,,,,,,,,,,,,本文,,オンデマンド,,R 4/ 3/18,5_午後中,R 4/ 3/19,32,内田,R 4/ 3/19,2_午前中,,,,R 4/ 3/23,,,,,表紙,,単色機,1+1,,,,,,,,,,,,,,,,,,,,,,,,,,,,,,,,,,,,,,,,,,,,,,,,,,,,,,,,,,,,,,,,,,,,,,,,,,,,,,,,,,,,,,,,,,,,,,,,,,,表紙＿印刷。本文＿オンデマンド,
2001835,R 4/ 3/22 10:24,R 4/ 3/29,3_３時,R 4/ 3/29,3_３時,,,2,冊子,20,宮本,,㈱ウッドライズ,〈㈱地域情報センター様〉くまもと経済2022年4月号vol.490,Ａ4変形↓　タテ280×ヨコ210,Ａ4変形↓　タテ280×ヨコ210,17,林田真,R 4/ 3/14,216,,3200,,,R 4/ 3/25,1_10時,,,,R 4/ 3/25,2_午前中,,,,R 4/ 3/25,,,,,,,,本文,,菊全機,,R 4/ 3/25,1_10時,,,,R 4/ 3/25,2_午前中,,,,R 4/ 3/25,,,,,表紙,,４色機,4+4,,,,,,,,,,,,,,,,,,,,,,,,,,,,,,,,,,,,,,,,,,,,,,,,,,,,,,,,,,,,,,,,,,,,,,,,,,,,,,,,,,,,,,,,,,,,,,,,,,,"3/29 15:00引取 発送業者  2020部と　くまもと経済から持込の4箱も渡す3/25か28届く予定　3/●届いた（先方手配のトラックにて引取）
3/30 8:30宮本出発 熊本ネット 265部
3/30 8:30出発 くまけい　 915部（3/30午前8時半頃、赤帽2台積込　予約3/22済）

★台割　3/22入る　　 ★1冊●ｇ　　★4月号のハガキ印刷不要＿5月号は印刷する",
6002483,R 4/ 3/14 18: 5,R 4/ 5/31,5_午後中,,,,R 4/ 3/14,2,冊子,55,小川,,平成音楽大学,平成音楽大学紀要第21巻第1号(通巻第36号),Ｂ5規格,,,,,78,,150,,,,,,,,,,,,,,,,,,,,,本文,,,,,,,,,,,,,,,,,,,表紙,,,,,,,,,,,,,,,,,,,抜刷表紙,,,,,,,,,,,,,,,,,,,,,,,,,,,,,,,,,,,,,,,,,,,,,,,,,,,,,,,,,,,,,,,,,,,,,,,,,,,,,,,,,,,抜刷9種　各20部,
2001837,R 4/ 3/19 12:23,R 4/ 4/ 5,5_午後中,R 4/ 4/ 5,5_午後中,,R 4/ 3/14,2,冊子,16,坂田,,当尾小学校,くすのきっこノート（高学年）,Ａ4規格,Ａ4規格,17,林田真,R 4/ 3/19,66,66,575,575,,R 4/ 3/28,5_午後中,,,,R 4/ 3/31,5_午後中,,,,R 4/ 4/ 1,,,,,,,,本文,,菊全機,1+1,R 4/ 3/28,5_午後中,,,,R 4/ 3/31,5_午後中,,,,R 4/ 4/ 1,,,,,表紙,,単色機,1+1,,,,,,,,,,,,,,,,,,,,,,,,,,,,,,,,,,,,,,,,,,,,,,,,,,,,,,,,,,,,,,,,,,,,,,,,,,,,,,,,,,,,,,,,,,,,,,,,,,,,
2001838,R 4/ 3/19  9:52,R 4/ 4/ 5,5_午後中,R 4/ 4/ 5,5_午後中,,R 4/ 3/14,2,冊子,16,坂田,,当尾小学校,くすのきっこノート（中学年）,Ａ4規格,Ａ4規格,8,河野み,R 4/ 3/15,64,64,495,495,,R 4/ 3/28,5_午後中,,,,R 4/ 3/31,5_午後中,,,,R 4/ 4/ 1,,,,,,,,本文,,菊全機,1+1,R 4/ 3/28,5_午後中,,,,R 4/ 3/31,5_午後中,,,,R 4/ 4/ 1,,,,,表紙,,単色機,1+1,,,,,,,,,,,,,,,,,,,,,,,,,,,,,,,,,,,,,,,,,,,,,,,,,,,,,,,,,,,,,,,,,,,,,,,,,,,,,,,,,,,,,,,,,,,,,,,,,,,,
2001839,R 4/ 3/19  9:52,R 4/ 4/ 5,5_午後中,R 4/ 4/ 5,5_午後中,,R 4/ 3/14,2,冊子,16,坂田,,松橋小学校,ゆりのきっこノート（高学年）,Ａ4規格,Ａ4規格,8,河野み,R 4/ 3/15,66,66,1026,1026,,R 4/ 3/28,5_午後中,,,,R 4/ 3/31,5_午後中,,,,R 4/ 4/ 1,,,,,,,,本文,,菊全機,1+1,R 4/ 3/28,5_午後中,,,,R 4/ 3/31,5_午後中,,,,R 4/ 4/ 1,,,,,表紙,,単色機,1+1,,,,,,,,,,,,,,,,,,,,,,,,,,,,,,,,,,,,,,,,,,,,,,,,,,,,,,,,,,,,,,,,,,,,,,,,,,,,,,,,,,,,,,,,,,,,,,,,,,,,
2001840,R 4/ 3/19  9:52,R 4/ 4/ 5,5_午後中,R 4/ 4/ 5,5_午後中,,R 4/ 3/14,2,冊子,16,坂田,,松橋小学校,ゆりのきっこノート（中学年）,Ａ4規格,Ａ4規格,8,河野み,R 4/ 3/15,64,64,825,825,,R 4/ 3/28,5_午後中,,,,R 4/ 3/31,5_午後中,,,,R 4/ 4/ 1,,,,,,,,本文,,菊全機,1+1,R 4/ 3/28,5_午後中,,,,R 4/ 3/31,5_午後中,,,,R 4/ 4/ 1,,,,,表紙,,単色機,1+1,,,,,,,,,,,,,,,,,,,,,,,,,,,,,,,,,,,,,,,,,,,,,,,,,,,,,,,,,,,,,,,,,,,,,,,,,,,,,,,,,,,,,,,,,,,,,,,,,,,,
2001841,R 4/ 3/22 13:22,,,,,,,2,冊子,20,河野,,㈱マインド,<合志技研工業様> 弘報誌　ＶＯＩＣＥ　春号,,,,,,,,,,,,,,,,,,,,,,,,,,,,,本文,,,,,,,,,,,,,,,,,,,,,,,,,,,,,,,,,,,,,,,,,,,,,,,,,,,,,,,,,,,,,,,,,,,,,,,,,,,,,,,,,,,,,,,,,,,,,,,,,,,,,,,,,,,,,,,,,,,,,,,,,"★★★コピー伝票
中綴じ（社内）
●/●朝、マインド様受取来社
R4年4月納品予定",
2001842,R 4/ 3/22 13:49,R 4/ 3/24,2_午前中,R 4/ 3/24,2_午前中,,R 4/ 3/15,2,冊子,72,内村,,宇城市軟式野球連盟,第15回読売旗争奪宇城地区少年軟式野球大会プログラム,Ａ4規格,Ａ4規格,17,林田真,R 4/ 3/22,30,26,90,90,,R 4/ 3/22,,R 4/ 3/22,32,内田,,,,,,,,,,,,,,本文,,オンデマンド,,R 4/ 3/22,,R 4/ 3/22,32,内田,,,,,,,,,,,表紙,,オンデマンド,,,,,,,,,,,,,,,,,,,,,,,,,,,,,,,,,,,,,,,,,,,,,,,,,,,,,,,,,,,,,,,,,,,,,,,,,,,,,,,,,,,,,,,,,,,,,,,,,,,,"オンデマンド
組合表　Ａ１-1枚（PX-H9000）出力",
6002484,R 4/ 3/19  7:30,R 4/ 3/23,5_午後中,R 4/ 3/23,5_午後中,,R 4/ 3/14,2,冊子,62,竹口,,税理士法人 近代経営,<KINKEI様> 医療会計日記帳-イエロー増刷,Ａ4規格横長,Ａ4規格横長,8,河野み,R 4/ 3/15,42,42,300,300,,R 4/ 3/16,2_午前中,R 4/ 3/16,32,内田,R 4/ 3/17,5_午後中,R 4/ 3/17,23,江藤,R 4/ 3/18,,R 4/ 3/19,52,高野,,,,本文,Ａ２,単色機,1+1,R 4/ 3/16,2_午前中,R 4/ 3/16,32,内田,R 4/ 3/17,5_午後中,R 4/ 3/17,23,江藤,R 4/ 3/18,,R 4/ 3/19,76,松岡,表紙,Ａ２,４色機,2+1,,,,,,,,,,,,,,,,,,,,,,,,,,,,,,,,,,,,,,,,,,,,,,,,,,,,,,,,,,,,,,,,,,,,,,,,,,,,,,,,,,,,,,,,,,,,,,,,,,,2穴,
6002498,R 4/ 3/22 14:36,R 4/ 3/24,5_午後中,R 4/ 3/24,5_午後中,,R 4/ 3/ 2,2,冊子,45,藤本,,熊本保健科学大学,実習要項（公衆衛生）,Ａ4規格：縦長,,,,,50,,100,,,,,,,,,,,,,,,,,,,,,本文,,オンデマンド,,,,,,,,,,,,,,,,,表紙,,オンデマンド,,,,,,,,,,,,,,,,,中扉,,オンデマンド,,,,,,,,,,,,,,,,,,,,,,,,,,,,,,,,,,,,,,,,,,,,,,,,,,,,,,,,,,,,,,,,,,,,,,,,,,,,,,,,,"オンデマンド

R4/3/24仕上予定",
6002521,R 4/ 3/22 14:48,R 4/ 3/26,5_午後中,R 4/ 3/26,5_午後中,,R 4/ 3/14,2,冊子,58,村上,,おぜきこども園,令和３年度　卒園文集,Ａ4規格,,,,,86,,33,,,,,,,,,,,,,,,,,,,,,本文,,オンデマンド,,,,,,,,,,,,,,,,,表紙,,オンデマンド,,,,,,,,,,,,,,,,,,,,,,,,,,,,,,,,,,,,,,,,,,,,,,,,,,,,,,,,,,,,,,,,,,,,,,,,,,,,,,,,,,,,,,,,,,,,,,,,,,,,"オンデマンド
R4/3/26中仕上予定",
6002485,R 4/ 3/22 14:40,R 4/ 3/31,5_午後中,R 4/ 3/31,5_午後中,,R 4/ 3/15,2,冊子,55,小川,,平成音楽大学,2022年学生便覧,Ａ4規格,,,,,92,,360,,,,,,,,,,,,,,,,,,,,,本文,,,,,,,,,,,,,,,,,,,表紙,,,,,,,,,,,,,,,,,,,,,,,,,,,,,,,,,,,,,,,,,,,,,,,,,,,,,,,,,,,,,,,,,,,,,,,,,,,,,,,,,,,,,,,,,,,,,,,,,,,,,,"本文組版　ワープロサポート外注。表紙はシモダ作成。
R4/3/31中仕上予定",
6002519,R 4/ 3/19 11:45,R 4/ 3/24,5_午後中,R 4/ 3/25,2_午前中,,R 4/ 3/14,2,冊子,58,村上,,JA熊本厚生連,第１３次厚生事業３ヶ年計画,Ａ4規格,Ａ4規格,17,林田真,R 4/ 3/18,14,14,250,250,,R 4/ 3/19,,R 4/ 3/19,32,内田,,,,,,,,,,,,,,本文,,オンデマンド,,R 4/ 3/19,,R 4/ 3/19,32,内田,,,,,,,,,,,表紙,,オンデマンド,,,,,,,,,,,,,,,,,,,,,,,,,,,,,,,,,,,,,,,,,,,,,,,,,,,,,,,,,,,,,,,,,,,,,,,,,,,,,,,,,,,,,,,,,,,,,,,,,,,,オンデマンド,
6002520,R 4/ 3/19 15:33,R 4/ 3/24,5_午後中,R 4/ 3/25,2_午前中,,R 4/ 3/14,2,冊子,58,村上,,JA熊本厚生連,第４８年度（令和４年度）事業計画書,Ａ4規格,Ａ4規格,17,林田真,R 4/ 3/18,18,18,250,250,,R 4/ 3/19,,R 4/ 3/19,43,河嶋,,,,,,,,,,,,,,本文,,オンデマンド,,R 4/ 3/19,,R 4/ 3/19,43,河嶋,,,,,,,,,,,表紙,,オンデマンド,,,,,,,,,,,,,,,,,,,,,,,,,,,,,,,,,,,,,,,,,,,,,,,,,,,,,,,,,,,,,,,,,,,,,,,,,,,,,,,,,,,,,,,,,,,,,,,,,,,,オンデマンド,
9200711,R 4/ 3/17  9: 7,R 4/ 4/ 7,3_３時,R 4/ 4/ 7,3_３時,,R 4/ 3/15,2,冊子,81,下田,,アオヤギ㈱ (箱崎事業部),理学療法福岡　第35号,Ａ4規格,Ａ4規格,17,林田真,R 4/ 3/16,118,118,5950,5950,,R 4/ 3/24,5_午後中,R 4/ 3/16,,,R 4/ 4/ 1,5_午後中,,,,R 4/ 4/ 4,,,,,,,,本文,,菊全機,2+2,R 4/ 3/24,5_午後中,,,,R 4/ 4/ 1,5_午後中,,,,R 4/ 4/ 4,,,,,表紙,,４色機,4+0,R 4/ 3/24,,,,,,,,,,,,,,,抜刷表紙,,オンデマンド,,,,,,,,,,,,,,,,,,,,,,,,,,,,,,,,,,,,,,,,,,,,,,,,,,,,,,,,,,,,,,,,,,,,,,,,,,,,,,,,,"3/23データ入稿予定。抜刷表紙＿オンデマンド￥抜刷＿8種各10部（表紙2と3に貼りあわせ作業あり）
チャーター便4/7午後４時頃積込み　予約　未＿4/8午前中着＿北九州　ヤマト運輸へ5900部と＿四六判●パレ
★抜刷8種各10部　発送先3/16済。★50部と抜刷11種は福岡県理学療法士会へ4/7発送　4/8AM着
先方予備アオヤギへ4/7発送　4/8AM着
本文インキ：墨、シアン。★前回、134頁1冊370ｇ。前回110頁1冊316ｇ",
2001843,R 4/ 3/22  7:24,R 4/ 4/ 1,2_午前中,R 4/ 4/ 1,3_３時,,R 4/ 3/16,2,冊子,71,下田,,凸版印刷㈱ 証券部,ご長寿応援券　３種（奄美市）,タテ77×ヨコ160,タテ77×ヨコ160,17,林田真,R 4/ 3/16,20,20,7000,7000,,R 4/ 3/18,2_午前中,R 4/ 3/17,15,中川,R 4/ 3/19,5_午後中,R 4/ 3/17,23,江藤,R 4/ 3/22,,R 4/ 3/22,76,松岡,,,,本文,４切,４色機,4+2,R 4/ 3/18,2_午前中,R 4/ 3/17,15,中川,R 4/ 3/19,5_午後中,R 4/ 3/17,23,江藤,R 4/ 3/22,,R 4/ 3/22,76,松岡,表紙,４切,４色機,4+0,,,,,,,,,,,,,,,,,,,,,,,,,,,,,,,,,,,,,,,,,,,,,,,,,,,,,,,,,,,,,,,,,,,,,,,,,,,,,,,,,,,,,,,,,,,,,,,,,,,"3種 名瀬 5390部。 住用  340部。 笠利 1270部
1冊、10枚綴り　ミシン5本　　50冊毎帯封
4/1発送　4/4AM着（発送先3/16済）",
6002502,R 4/ 3/19  7:35,R 4/ 3/24,5_午後中,R 4/ 3/24,5_午後中,,R 4/ 3/16,2,冊子,55,小川,,こうわプランニング,<県模試事務局様> 中1生第1回県模試解答・解説,Ａ4規格,Ａ4規格,17,林田真,R 4/ 3/16,8,8,900,900,,R 4/ 3/17,2_午前中,R 4/ 3/18,15,中川,R 4/ 3/17,5_午後中,R 4/ 3/18,12,宮本,R 4/ 3/18,,R 4/ 3/19,77,鈴木,,,,本文,Ａ１,菊全機,1+1,R 4/ 3/17,2_午前中,R 4/ 3/18,15,中川,R 4/ 3/17,5_午後中,R 4/ 3/18,12,宮本,R 4/ 3/18,,R 4/ 3/19,77,鈴木,表紙,Ａ１,菊全機,1+1,,,,,,,,,,,,,,,,,,,,,,,,,,,,,,,,,,,,,,,,,,,,,,,,,,,,,,,,,,,,,,,,,,,,,,,,,,,,,,,,,,,,,,,,,,,,,,,,,,,"ボンド巻。100部ずつ帯封
3/25午前10時頃、こうわプランニング様、工場に受取来社
",
6002503,R 4/ 3/19  7:20,R 4/ 3/24,5_午後中,R 4/ 3/24,5_午後中,,R 4/ 3/16,2,冊子,55,小川,,こうわプランニング,<県模試事務局様> 中1生第1回県模試国語,Ａ4規格横長,Ａ4規格横長,17,林田真,R 4/ 3/16,2,2,900,900,,R 4/ 3/17,2_午前中,R 4/ 3/17,25,中馬,R 4/ 3/17,5_午後中,R 4/ 3/18,12,宮本,R 4/ 3/18,,R 4/ 3/19,52,高野,,,,本文,Ａ２,単色機,1+1,R 4/ 3/17,2_午前中,R 4/ 3/17,25,中馬,R 4/ 3/17,5_午後中,R 4/ 3/18,12,宮本,R 4/ 3/18,,R 4/ 3/19,52,高野,表紙,Ａ２,単色機,1+1,,,,,,,,,,,,,,,,,,,,,,,,,,,,,,,,,,,,,,,,,,,,,,,,,,,,,,,,,,,,,,,,,,,,,,,,,,,,,,,,,,,,,,,,,,,,,,,,,,,"ボンド巻。100部ずつ帯封
3/25午前10時頃、こうわプランニング様、工場に受取来社
",
6002505,R 4/ 3/19  7:31,R 4/ 3/24,5_午後中,R 4/ 3/24,5_午後中,,R 4/ 3/16,2,冊子,55,小川,,こうわプランニング,<県模試事務局様> 中1生第1回県模試社会,Ａ4規格,Ａ4規格,17,林田真,R 4/ 3/16,2,2,900,900,,R 4/ 3/17,2_午前中,R 4/ 3/17,32,内田,R 4/ 3/17,5_午後中,R 4/ 3/18,12,宮本,R 4/ 3/18,,R 4/ 3/19,54,林,,,,本文,Ａ２,単色機,1+1,R 4/ 3/17,2_午前中,R 4/ 3/17,32,内田,R 4/ 3/17,5_午後中,R 4/ 3/18,12,宮本,R 4/ 3/18,,R 4/ 3/19,77,鈴木,表紙,Ａ１,菊全機,1+1,,,,,,,,,,,,,,,,,,,,,,,,,,,,,,,,,,,,,,,,,,,,,,,,,,,,,,,,,,,,,,,,,,,,,,,,,,,,,,,,,,,,,,,,,,,,,,,,,,,"ボンド巻。100部ずつ帯封
3/25午前10時頃、こうわプランニング様、工場に受取来社
",
6002504,R 4/ 3/19  7:27,R 4/ 3/24,5_午後中,R 4/ 3/24,5_午後中,,R 4/ 3/16,2,冊子,55,小川,,こうわプランニング,<県模試事務局様> 中1生第1回県模試理科,Ａ4規格,Ａ4規格,17,林田真,R 4/ 3/16,4,4,900,900,,R 4/ 3/17,2_午前中,R 4/ 3/18,43,河嶋,R 4/ 3/17,5_午後中,R 4/ 3/18,12,宮本,R 4/ 3/18,,R 4/ 3/19,77,鈴木,,,,本文,Ａ１,菊全機,1+1,R 4/ 3/17,2_午前中,R 4/ 3/18,43,河嶋,R 4/ 3/17,5_午後中,R 4/ 3/18,12,宮本,R 4/ 3/18,,R 4/ 3/19,77,鈴木,表紙,Ａ１,菊全機,1+1,,,,,,,,,,,,,,,,,,,,,,,,,,,,,,,,,,,,,,,,,,,,,,,,,,,,,,,,,,,,,,,,,,,,,,,,,,,,,,,,,,,,,,,,,,,,,,,,,,,"ボンド巻。100部ずつ帯封
3/25午前10時頃、こうわプランニング様、工場に受取来社
",
9200710,R 4/ 3/22 15:18,R 4/ 3/31,3_３時,R 4/ 3/31,3_３時,,R 4/ 3/15,2,冊子,83,本田,,丸善ギャラリー古書展 事務局,第10回美術・古本即売展冊子,Ａ5規格,,,,,18,,900,,,,,,,,,,,,,,,,,,,,,本文,,,,,,,,,,,,,,,,,,,表紙,,,,,,,,,,,,,,,,,,,,,,,,,,,,,,,,,,,,,,,,,,,,,,,,,,,,,,,,,,,,,,,,,,,,,,,,,,,,,,,,,,,,,,,,,,,,,,,,,,,,,,"3/31発送　4/1AM着（発送先　未）
★出来上がりを縦に1度折り（見本あり）して発送
",
6002524,R 4/ 3/22 14:37,R 4/ 3/25,2_午前中,R 4/ 3/25,2_午前中,,R 4/ 3/16,2,冊子,45,藤本,,㈱髙木冨士川計画事務所,山鹿市住宅等維持管理計画書,Ａ4規格:縦長,,,,,110,,5,,,,,,,,,,,,,,,,,,,,,本文,,オンデマンド,,,,,,,,,,,,,,,,,表紙,,オンデマンド,,,,,,,,,,,,,,,,,,,,,,,,,,,,,,,,,,,,,,,,,,,,,,,,,,,,,,,,,,,,,,,,,,,,,,,,,,,,,,,,,,,,,,,,,,,,,,,,,,,,"オンデマンド

R4/3/25午前中仕上予定",
6002525,R 4/ 3/22 14:37,R 4/ 3/25,2_午前中,R 4/ 3/25,2_午前中,,R 4/ 3/16,2,冊子,45,藤本,,㈱髙木冨士川計画事務所,山鹿市公営住宅等長寿命化計画書,Ａ4規格：縦長,,,,,70,,20,,,,,,,,,,,,,,,,,,,,,本文,,オンデマンド,,,,,,,,,,,,,,,,,表紙,,オンデマンド,,,,,,,,,,,,,,,,,,,,,,,,,,,,,,,,,,,,,,,,,,,,,,,,,,,,,,,,,,,,,,,,,,,,,,,,,,,,,,,,,,,,,,,,,,,,,,,,,,,,"オンデマンド
R4/3/25午前中仕上予定",
6002526,R 4/ 3/22 14:37,R 4/ 3/24,2_午前中,R 4/ 3/24,2_午前中,,R 4/ 3/16,2,冊子,45,藤本,,㈱髙木冨士川計画事務所,山鹿市住宅マスタープラン,Ａ4規格：縦長,,,,,60,,35,,,,,,,,,,,,,,,,,,,,,本文,,オンデマンド,,,,,,,,,,,,,,,,,表紙,,オンデマンド,,,,,,,,,,,,,,,,,,,,,,,,,,,,,,,,,,,,,,,,,,,,,,,,,,,,,,,,,,,,,,,,,,,,,,,,,,,,,,,,,,,,,,,,,,,,,,,,,,,,"オンデマンド

R4/3/24午前中仕上予定",
6002509,R 4/ 3/19  7:32,R 4/ 3/24,5_午後中,R 4/ 3/24,5_午後中,,R 4/ 3/16,2,冊子,55,小川,,こうわプランニング,<県模試事務局様> 中2生第1回県模試解答・解説,Ａ4規格,Ａ4規格,17,林田真,R 4/ 3/16,14,14,1200,1200,,R 4/ 3/17,5_午後中,R 4/ 3/17,15,中川,R 4/ 3/18,2_午前中,R 4/ 3/18,12,宮本,R 4/ 3/18,,R 4/ 3/19,77,鈴木,,,,本文,Ａ１,菊全機,1+1,R 4/ 3/17,5_午後中,R 4/ 3/17,15,中川,R 4/ 3/18,2_午前中,R 4/ 3/18,12,宮本,R 4/ 3/18,,R 4/ 3/19,77,鈴木,表紙,Ａ１,菊全機,1+1,,,R 4/ 3/18,15,中川,,,R 4/ 3/18,12,宮本,R 4/ 3/18,,R 4/ 3/19,54,林,本文,Ａ２,単色機,1+1,,,,,,,,,,,,,,,,,,,,,,,,,,,,,,,,,,,,,,,,,,,,,,,,,,,,,,,,,,,,,,,,,,,,,,,,,,,,,,,,"ボンド巻。100部ずつ帯封
3/25午前10時頃、こうわプランニング様、工場に受取来社
",
6002510,R 4/ 3/19  7:24,R 4/ 3/24,5_午後中,R 4/ 3/24,5_午後中,,R 4/ 3/16,2,冊子,55,小川,,こうわプランニング,<県模試事務局様> 中2生第1回県模試国語,Ａ4規格,Ａ4規格,17,林田真,R 4/ 3/16,2,2,1200,1200,,R 4/ 3/17,5_午後中,R 4/ 3/17,25,中馬,R 4/ 3/18,2_午前中,R 4/ 3/18,12,宮本,R 4/ 3/18,,R 4/ 3/19,77,鈴木,,,,本文,Ａ１,菊全機,1+1,R 4/ 3/17,5_午後中,R 4/ 3/17,25,中馬,R 4/ 3/18,2_午前中,R 4/ 3/18,12,宮本,R 4/ 3/18,,R 4/ 3/19,77,鈴木,表紙,Ａ１,菊全機,1+1,,,,,,,,,,,,,,,,,,,,,,,,,,,,,,,,,,,,,,,,,,,,,,,,,,,,,,,,,,,,,,,,,,,,,,,,,,,,,,,,,,,,,,,,,,,,,,,,,,,"ボンド巻。100部ずつ帯封
3/25午前10時頃、こうわプランニング様、工場に受取来社
",
6002512,R 4/ 3/19  7:24,R 4/ 3/24,5_午後中,R 4/ 3/24,5_午後中,,R 4/ 3/16,2,冊子,55,小川,,こうわプランニング,<県模試事務局様> 中2生第1回県模試社会,Ａ4規格,Ａ4規格,17,林田真,R 4/ 3/16,6,6,1200,1200,,R 4/ 3/17,5_午後中,R 4/ 3/17,32,内田,R 4/ 3/18,2_午前中,R 4/ 3/18,12,宮本,R 4/ 3/18,,R 4/ 3/19,77,鈴木,,,,本文,Ａ１,菊全機,1+1,R 4/ 3/17,5_午後中,R 4/ 3/17,32,内田,R 4/ 3/18,2_午前中,R 4/ 3/18,12,宮本,R 4/ 3/18,,R 4/ 3/19,77,鈴木,表紙,Ａ１,菊全機,1+1,,,,,,,,,,,,,,,,,,,,,,,,,,,,,,,,,,,,,,,,,,,,,,,,,,,,,,,,,,,,,,,,,,,,,,,,,,,,,,,,,,,,,,,,,,,,,,,,,,,"ボンド巻。100部ずつ帯封
3/25午前10時頃、こうわプランニング様、工場に受取来社
",
6002511,R 4/ 3/19  7:25,R 4/ 3/24,5_午後中,R 4/ 3/24,5_午後中,,R 4/ 3/16,2,冊子,55,小川,,こうわプランニング,<県模試事務局様> 中2生第1回県模試理科,Ａ4規格,Ａ4規格,17,林田真,R 4/ 3/16,4,4,1200,1200,,R 4/ 3/17,5_午後中,R 4/ 3/17,43,河嶋,R 4/ 3/18,2_午前中,R 4/ 3/18,12,宮本,R 4/ 3/18,,R 4/ 3/19,77,鈴木,,,,本文,Ａ１,菊全機,1+1,R 4/ 3/17,5_午後中,R 4/ 3/17,43,河嶋,R 4/ 3/18,2_午前中,R 4/ 3/18,12,宮本,R 4/ 3/18,,R 4/ 3/19,77,鈴木,表紙,Ａ１,菊全機,1+1,,,,,,,,,,,,,,,,,,,,,,,,,,,,,,,,,,,,,,,,,,,,,,,,,,,,,,,,,,,,,,,,,,,,,,,,,,,,,,,,,,,,,,,,,,,,,,,,,,,"ボンド巻。100部ずつ帯封
3/25午前10時頃、こうわプランニング様、工場に受取来社
",
2001844,R 4/ 3/22 16:36,R 4/ 3/25,5_午後中,R 4/ 3/26,5_午後中,,R 4/ 3/16,2,冊子,5,谷岡,,有佐区,令和4年度　総会資料,Ａ4規格,Ａ4規格,17,林田真,R 4/ 3/22,24,24,170,170,,R 4/ 3/23,,,,,,,,,,,,,,,,,,本文,,オンデマンド,,R 4/ 3/23,,,,,,,,,,,,,,,表紙,,オンデマンド,,,,,,,,,,,,,,,,,,,,,,,,,,,,,,,,,,,,,,,,,,,,,,,,,,,,,,,,,,,,,,,,,,,,,,,,,,,,,,,,,,,,,,,,,,,,,,,,,,,,"オンデマンド
",
6002522,R 4/ 3/22 14:58,R 4/ 3/23,3_３時,R 4/ 3/23,3_３時,,R 4/ 3/15,2,冊子,58,村上,,㈱TEAM,第20回九州中学生新人テニス大会,Ａ4規格,Ａ4規格,17,林田真,R 4/ 3/18,30,16,400,540,,R 4/ 3/18,3_３時,R 4/ 3/18,15,中川,R 4/ 3/18,5_午後中,R 4/ 3/18,12,宮本,R 4/ 3/19,,R 4/ 3/19,54,林,,,,本文,Ａ１,菊全機,1+1,R 4/ 3/18,3_３時,R 4/ 3/18,15,中川,R 4/ 3/18,5_午後中,R 4/ 3/18,12,宮本,R 4/ 3/19,,R 4/ 3/20,76,松岡,表紙,菊半,４色機,4+4,,,,,,,,,,,,,,,,,,,,,,,,,,,,,,,,,,,,,,,,,,,,,,,,,,,,,,,,,,,,,,,,,,,,,,,,,,,,,,,,,,,,,,,,,,,,,,,,,,,"3/23佐川の航空便にて沖縄へ発送（★注意　航空便シールを貼ること）　3/26AM着（発送先指示　3/18済）
★重量　約40キロ　3箱＿航空便予約3/18済
1箱180部＿11.3キロ",
2001846,R 4/ 3/22 21:49,R 4/ 3/30,5_午後中,R 4/ 3/30,5_午後中,,R 4/ 3/17,2,冊子,20,河野,,㈱マインド,<御船町商工観光様> 観光パンフレット,Ａ4規格,Ａ4規格,17,林田真,R 4/ 3/17,16,16,2000,2000,,R 4/ 3/26,2_午前中,,,,R 4/ 3/26,5_午後中,,,,R 4/ 3/28,,,,,,,,,,菊全機,4+4,,,,,,,,,,,,,,,,,,,,,,,,,,,,,,,,,,,,,,,,,,,,,,,,,,,,,,,,,,,,,,,,,,,,,,,,,,,,,,,,,,,,,,,,,,,,,,,,,,,,,,,,,,,,,,,,,,,,,,"中綴じ（社内）
3/31朝、マインド様受取来社",
6002528,R 4/ 3/17 15:30,R 4/ 3/30,2_午前中,R 4/ 3/30,2_午前中,,R 4/ 3/17,2,冊子,58,村上,,くすの実こども園,くすのみひろば,Ａ4規格,Ａ4規格,17,林田真,R 4/ 3/17,142,142,100,100,,R 4/ 3/25,,,,,,,,,,,,,,,,,,本文,,オンデマンド,,R 4/ 3/25,,,,,,,,,,,,,,,表紙,,オンデマンド,,,,,,,,,,,,,,,,,,,,,,,,,,,,,,,,,,,,,,,,,,,,,,,,,,,,,,,,,,,,,,,,,,,,,,,,,,,,,,,,,,,,,,,,,,,,,,,,,,,,オンデマンド,
6002529,R 4/ 3/17 15:30,R 4/ 3/30,2_午前中,R 4/ 3/30,2_午前中,,R 4/ 3/17,2,冊子,58,村上,,くすの実こども園,卒園文集,Ａ4規格,Ａ4規格,17,林田真,R 4/ 3/17,74,74,28,28,,R 4/ 3/25,,,,,,,,,,,,,,,,,,本文,,オンデマンド,,R 4/ 3/25,,,,,,,,,,,,,,,表紙,,オンデマンド,,,,,,,,,,,,,,,,,,,,,,,,,,,,,,,,,,,,,,,,,,,,,,,,,,,,,,,,,,,,,,,,,,,,,,,,,,,,,,,,,,,,,,,,,,,,,,,,,,,,オンデマンド,
6002523,R 4/ 3/22 21:56,R 4/ 3/29,2_午前中,R 4/ 3/29,2_午前中,,R 4/ 3/15,2,冊子,60,沖,,熊本大学 文学部（国立大学法人熊本大学）,ありあけ（熊本大学言語学論集21）,Ｂ5規格,Ｂ5規格,17,林田真,R 4/ 3/18,100,108,120,120,,R 4/ 3/22,5_午後中,R 4/ 3/22,23,江藤,R 4/ 3/23,2_午前中,R 4/ 3/22,12,宮本,R 4/ 3/23,,,,,,,,本文,アジロ,菊全機,1+1,R 4/ 3/22,5_午後中,R 4/ 3/22,23,江藤,,,,,,,,,,,表紙,,オンデマンド,1+0,R 4/ 3/22,5_午後中,R 4/ 3/22,23,江藤,R 4/ 3/23,2_午前中,R 4/ 3/22,12,宮本,R 4/ 3/23,,,,,大扉,アジロ,菊全機,1+0,R 4/ 3/22,5_午後中,R 4/ 3/22,23,江藤,R 4/ 3/23,2_午前中,R 4/ 3/22,12,宮本,R 4/ 3/23,,,,,中扉,アジロ,菊全機,1+0,R 4/ 3/22,,R 4/ 3/22,23,江藤,,,,,,,,,,,抜刷表紙,,オンデマンド,,,,R 4/ 3/22,23,江藤,,,R 4/ 3/22,12,宮本,R 4/ 3/23,,,,,本文,ｱｼﾞﾛ四裁,単色機,1+1,,,,,,,,,,,,,,,,,,,,,,,"表紙＿オンデマンド
本文＿印刷
抜刷5種各30部",
6002530,R 4/ 3/20  7:22,R 4/ 3/24,2_午前中,R 4/ 3/24,2_午前中,,R 4/ 3/17,2,冊子,58,村上,,（有）エスコム,ゴルフマガジン九州４月号,Ａ4規格,Ａ4規格,17,林田真,R 4/ 3/18,24,24,8700,8700,,R 4/ 3/19,2_午前中,R 4/ 3/19,15,中川,R 4/ 3/19,3_３時,R 4/ 3/19,23,江藤,R 4/ 3/19,,R 4/ 3/20,54,林,,,,本文,Ａ１,菊全機,4+4,R 4/ 3/19,2_午前中,R 4/ 3/19,15,中川,R 4/ 3/19,3_３時,R 4/ 3/19,23,江藤,R 4/ 3/19,,R 4/ 3/20,54,林,本文,Ａ１,菊全機,4+4,,,,,,,,,,,,,,,,,,,,,,,,,,,,,,,,,,,,,,,,,,,,,,,,,,,,,,,,,,,,,,,,,,,,,,,,,,,,,,,,,,,,,,,,,,,,,,,,,,,"中綴じ（社内）。3/24発送。
★発送以外の分は、3/24、植田さん持ち出し",
6002527,R 4/ 3/18 12:23,R 4/ 3/29,2_午前中,R 4/ 3/29,2_午前中,,R 4/ 3/16,2,冊子,54,山口,,㈱有明印刷,令和4年国土交通省地価公示価格概要(大分県版),Ａ4規格,Ａ4規格,17,林田真,R 4/ 3/18,148,148,300,300,,R 4/ 3/25,2_午前中,,,,R 4/ 3/25,5_午後中,,,,R 4/ 3/26,,,,,,,,本文,,菊全機,1+1,R 4/ 3/25,2_午前中,,,,R 4/ 3/25,5_午後中,,,,R 4/ 3/26,,,,,中扉,,単色機,1+1,,,,,,,,,,,,,,,,,,,,,,,,,,,,,,,,,,,,,,,,,,,,,,,,,,,,,,,,,,,,,,,,,,,,,,,,,,,,,,,,,,,,,,,,,,,,,,,,,,,"★表紙印刷済刷紙　持込み未
★3/24入稿",
2001847,R 4/ 3/22 11: 2,R 2/ 4/15,5_午後中,,,,R 4/ 3/22,2,冊子,20,宮本,,宇土市ガンバロー会,2022年度（令和4年度）総会資料,Ａ4規格,,,,,10,,250,,,,,,,,,,,,,,,,,,,,,本文,,オンデマンド,,,,,,,,,,,,,,,,,表紙,,オンデマンド,,,,,,,,,,,,,,,,,,,,,,,,,,,,,,,,,,,,,,,,,,,,,,,,,,,,,,,,,,,,,,,,,,,,,,,,,,,,,,,,,,,,,,,,,,,,,,,,,,,,オンデマンド,
6002513,R 4/ 3/22 16:18,R 4/ 3/25,2_午前中,R 4/ 3/25,2_午前中,,R 4/ 3/22,2,冊子,55,小川,,こうわプランニング,<画図12町内自治会様> 2022年度定期総会議案書丁合製本のみ,Ａ4規格,Ａ4規格,17,林田真,R 4/ 3/22,54,54,330,330,,,,,,,,,,,,,,,,,,,,,,,,,,,,,,,,,,,,,,,,,,,,,,,,,,,,,,,,,,,,,,,,,,,,,,,,,,,,,,,,,,,,,,,,,,,,,,,,,,,,,,,,,,,,,,,,,,,,,,,,,,,,,,,,,,,,,,,,,,,,,"先方印刷物持込　未
左・平綴じ　クロ―ス巻き",
