1,シナールＤＧグロス,,21,Ｔ,73
2,北越アートポスト,,23,Ｙ,125
3,ペルーラ,スノーホワイト,21,Ｙ,180
4,レザック６６,アボガド,21,Ｙ,175
5,ミラーコートゴールド,,23,Ｙ,93.5
6,ｎｐｉ上質,,20,Ｙ,86.5
7,Ｖマット,,21,Ｔ,110
8,ＯＫミューズキララ,ホワイト,21,Ｙ,90
9,紀州,リンドウ,20,Ｔ,42
10,紀州,オレンジ,20,Ｔ,42
11,紀州,キ,20,Ｔ,42
12,紀州,シロ,20,Ｙ,42
13,紀州,ビワ,20,Ｔ,68.5
14,特菱両アートＮ,,23,Ｙ,62.5
15,シナールＤＧグロス,,23,Ｙ,93.5
16,ｎｐｉ上質,,20,Ｙ,44.5
17,ロッキー,,21,Ｔ,55
18,シナールＤＧグロス,,21,Ｔ,110
19,北越アートポスト,,23,Ｙ,139
20,琥珀,,20,Ｙ,57.5
21,Ｖマット,,20,Ｙ,57.5
22,シナールＤＧグロス,,20,Ｙ,57.5
23,ＲＶマット,,20,Ｙ,44.5
24,ボンアイボリー,,23,Ｙ,18.5
25,紀州,ヤマブキ,20,Ｔ,68.5
26,琥珀,,20,Ｙ,36.5
27,紀州,サーモン,21,Ｔ,66
28,ボンアイボリー,,21,Ｔ,26.5
29,タント,Ｓ－２,21,Ｙ,100
30,ユトリロマットグリーン７０,,20,Ｙ,44.5
31,琥珀,,20,Ｔ,57.5
32,ユポタック,,35,Ｙ,110
33,パールコートＰ,,23,Ｙ,62.5
34,レザック６６,コソメ,21,Ｙ,215
35,レザック６６,ベージュ,21,Ｙ,175
36,レザック６６,クリーム,21,Ｙ,175
37,レザック６６,スカイ,21,Ｙ,175
38,レザック６６,マリン,21,Ｙ,175
39,ｎｐｉ上質,,21,Ｔ,55
40,ユトリロコートグリーン７０,,23,Ｙ,93.5
41,ユトリロ上質グリーン７０,,20,Ｙ,44.5
42,紀州,シラチャ,21,Ｔ,107
43,紀州,モモ,20,Ｔ,68.5
44,紀州,ワカクサ,21,Ｔ,107
45,シナールＤＧグロス,,20,Ｙ,46.5
46,ｎｐｉ上質,,21,Ｔ,70
47,ユトリロ上質,,25,Ｙ,26.5
48,モダンクラフト,,23,Ｙ,137.5
49,五感紙荒目,黄色,21,Ｙ,110
50,タント,Ｏ－６１,21,Ｙ,100
51,琥珀,,20,Ｔ,46.5
52,シナールＤＧグロス,,21,Ｙ,135
53,ピズムマット,,23,Ｙ,125
54,シナールＤＧグロス,,23,Ｙ,76.5
55,シナールＤＧグロス,,20,Ｔ,57.5
56,Ｖマット,,20,Ｙ,70.5
57,北越アートポスト,,23,Ｙ,153
58,シナールＤＧグロス,,20,Ｙ,70.5
59,Ｖマット,,20,Ｙ,44.5
60,Ｖマット,,23,Ｔ,62.5
61,レザック６６,ユキ,21,Ｙ,215
62,ＮＴほそおり,ソラ,21,Ｙ,100
63,みやぎぬ,ツユクサ,21,Ｙ,200
64,レザック６６,アオネズ,21,Ｙ,175
65,ユトリロ上質グリーン７０,,21,Ｔ,70
66,紀州,ソラ,20,Ｔ,42
67,紀州,ソラ,20,Ｔ,84.5
68,レザック６６,ウスムラサキ,21,Ｙ,175
69,レザック６６,アカ,21,Ｙ,175
70,北越アートポスト,,23,Ｔ,125
71,ボンアイボリー,,21,Ｙ,18
72,Ｖマット,,20,Ｙ,86.5
73,シナールＤＧグロス,,23,Ｔ,62.5
74,パールコートＰ,,21,Ｙ,135
75,マットポスト,,23,Ｙ,125
76,ｎｐｉ上質,,23,Ｙ,125
77,クラークケント,,21,Ｔ,180
78,雷鳥上質,,20,Ｙ,44.5
79,Ｖマット,,21,Ｔ,135
80,Ｖマット,,23,Ｙ,93.5
81,レザック８０つむぎ,くち葉,21,Ｙ,210
82,里紙,キナリ,21,Ｙ,100
83,ＯＫフェザーワルツ,ラクダ,21,Ｙ,90
84,琥珀,,21,Ｙ,72.5
85,ハンマートーンＧＡ,スノーホワイト,21,Ｙ,130
86,琥珀,,20,Ｙ,46.5
87,ＯＫミューズコットン,サケ,21,Ｙ,118
88,ｎｐｉ上質,,21,Ｔ,180
89,雷鳥上質,,22,Ｔ,67.5
90,ｎｐｉ上質,,21,Ｔ,135
91,紀州,濃クリーム,20,Ｔ,68.5
92,紀州,濃クリーム,20,Ｔ,42
93,ｎｐｉ上質,,20,Ｔ,44.5
94,北越アートポスト,,23,Ｔ,139
95,Ｖマット,,20,Ｔ,44.5
96,シャトン,,20,Ｙ,35
97,シャトン,,21,Ｔ,70
98,ボンアイボリー,,23,Ｙ,14
99,ｎｐｉ上質,,20,Ｙ,35
100,紀州,ウグイス,20,Ｔ,68.5
101,紀州,ミズ,20,Ｔ,68.5
102,紀州,コスモス,20,Ｔ,68.5
103,レザック６６,サクラ,21,Ｙ,175
104,紀州,ウグイス,20,Ｔ,42
105,紀州,オレンジ,20,Ｔ,68.5
106,インペリアルマット,,21,Ｔ,180
107,ありそ,,22,Ｔ,60
108,ＯＫミューズリンター,スノーホワイト,21,Ｙ,120
109,プリンス上質,,21,Ｔ,70
110,プリンス上質,,21,Ｔ,55
111,紀州,ソラ,20,Ｔ,68.5
112,紀州,ワカクサ,21,Ｔ,176
113,オーロラコート,,21,Ｔ,180
114,Ｖマット,,21,Ｔ,70
115,雷鳥上質,,22,Ｔ,53
116,ｎｐｉ上質,,20,Ｙ,70.5
117,マットポスト,,23,Ｙ,153
118,ボンアイボリー,,23,Ｙ,15.5
119,ＯＫミューズリンター,ブライトＣ,21,Ｙ,170
120,オーロラコート,,23,Ｔ,125
121,日本製紙,オレンジ,20,Ｔ,42
122,トップコート,,23,Ｙ,76.5
123,ＯＫアートポスト,,23,Ｔ,125
124,オーロラコート,,23,Ｙ,125
125,ユトリログロスマット,,20,Ｙ,57.5
126,銀竹クラフト,,24,Ｔ,90
127,レザック６６,ピンク,21,Ｙ,175
128,紀州,ギンネズ,20,Ｔ,50
129,紀州,ミズ,21,Ｔ,78
130,ｎｐｉ上質,,21,Ｔ,90
131,紀州,リンドウ,20,Ｔ,68.5
132,紀州,レモン,20,Ｔ,42
133,紀州,サクラ,20,Ｔ,50
134,Ｖマット,,23,Ｙ,76.5
135,ユトリロ上質,,22,Ｔ,53
136,スーパーユポＦＲＢＷ,,21,Ｔ,200
137,Ａカード,ソラ,21,Ｔ,180
138,シナールＤＧグロス,,21,Ｔ,135
139,パールコートＰ,,21,Ｔ,135
140,紀州,ブルー,20,Ｔ,68.5
141,紀州,レモン,20,Ｔ,68.5
142,紀州,ウグイス,21,Ｔ,107
143,パールコートＰ,,20,Ｙ,57.5
144,ホワイトピーチケント,,23,Ｙ,139
145,ｎｐｉ上質,,20,Ｙ,57.5
146,日本製紙,クリーム,20,Ｔ,42
147,ｎｐｉ上質,,21,Ｙ,70
148,ミラーコートゴールド,,21,Ｔ,135
149,紀州,アイボリー,20,Ｔ,68.5
150,ファーストビンテージ,カシミア,21,Ｙ,206
151,タント,Ｎ－４,21,Ｙ,100
152,ビンテージゴールド,アンティーク,21,Ｙ,63
153,ＴＳ－１,Ｎ－８,21,Ｙ,130
154,ＯＫアートポスト,,23,Ｔ,153
155,レザック６６,クロ,21,Ｙ,215
156,紀州,ミズ,21,Ｔ,52
157,紀州,フジ,21,Ｔ,52
158,紀州,ギンネズ,21,Ｔ,52
159,ＯＫトップコート,,21,Ｙ,110
160,紀州,クリーム,20,Ｔ,50
161,ＪＥＴスター,,29,Ｔ,27
162,紀州,レモン,21,Ｔ,52
163,日本製紙,ピュアピンク,20,Ｔ,33
164,紀州,モエギ,21,Ｔ,107
165,ビルカラー,シロ,21,Ｙ,220
166,タント,Ｎ－５８,21,Ｙ,100
167,ラフクリーム琥珀,,20,Ｔ,45.5
168,紀州,ワカクサ,20,Ｔ,42
169,シナールＤＧグロス,,23,Ｔ,93.5
170,紀州,ミズ,21,Ｔ,107
171,紀州,モモ,21,Ｔ,107
172,紀州,モモ,21,Ｔ,66
173,みやぎぬ,キヌ,21,Ｙ,170
174,ボンアイボリー,,23,Ｙ,11.5
175,レザック６６,アサギ,21,Ｙ,175
176,紀州,ワカタケ,20,Ｔ,68.5
177,パールコートＰ,,21,Ｔ,110
178,紀州,サーモン,20,Ｔ,68.5
179,レザック６６,サクラ,21,Ｙ,130
180,紀州,サクラ,20,Ｔ,42
181,紀州,キ,20,Ｔ,68.5
182,紀州,オレンジ,21,Ｔ,107
183,紀州,ソラ,21,Ｔ,66
184,ユトリロコートグリーン７０,,20,Ｙ,57.5
185,レザック６６,ライトグレー,21,Ｙ,175
186,ヴァンヌーボＶ,ナチュラル,21,Ｙ,130
187,ミルトＧＡ,スピリットホワイト,23,Ｙ,76.5
188,ヴァンヌーボＶ,ナチュラル,23,Ｙ,104
189,紀州,ヤマブキ,21,Ｔ,52
190,ＯＫフェザーワルツ,ゾウゲ,21,Ｙ,120
191,江戸小染はな,キハダ,21,Ｙ,130
192,ＯＫミューズキララ,ナチュラル,21,Ｙ,120
193,みやぎぬ,キヌ,21,Ｙ,130
194,きぬもみ,ユキ,21,Ｙ,115
195,レザック６６,アオタケ,21,Ｙ,175
196,紀州,ブルー,20,Ｔ,42
197,ＯＫアートポスト,,23,Ｙ,125
198,ｎｐｉ上質,,23,Ｙ,93.5
199,紀州,ギンネズ,20,Ｔ,68.5
200,Ａカード,ハダ,21,Ｔ,300
201,ユトリログロスマット,,23,Ｙ,93.5
202,紀州ラップ,,24,Ｔ,54
203,レザック６６,レモン,21,Ｙ,175
204,紀州,レモン,20,Ｔ,33
205,レザック６６,アオタケ,21,Ｙ,215
206,紀州,レモン,21,Ｔ,176
207,紀州,モエギ,20,Ｔ,68.5
208,シャトン,,20,Ｙ,44.5
209,マットポスト,,23,Ｔ,153
210,Ｖマット,,23,Ｔ,76.5
211,感圧紙,上葉シロ,20,Ｙ,80
212,感圧紙,下葉シロ,20,Ｙ,80
213,日本製紙,ピュアピンク,20,Ｔ,68.5
214,北越アートポスト,,21,Ｔ,200
215,紀州,モモ,20,Ｔ,33
216,サテン金藤,,23,Ｙ,125
217,サテン金藤Ｎ,,23,Ｙ,62.5
218,特菱アート両面Ｎ,,23,Ｙ,62.5
219,雷鳥ＳアートＣＯＣ,,23,Ｙ,62.5
220,雷鳥スーパーアートＭＮＣＯ,,23,Ｙ,93.5
221,ＯＫコートエコグリーン,,20,Ｙ,46.5
222,ＯＫコートエコグリーン,,20,Ｙ,70.5
223,ＯＫコートコグリーン,,23,Ｙ,93.5
224,ＯＫトップコート,,20,Ｔ,70.5
225,ＯＫトップコート,,23,Ｙ,76.5
226,ＯＫトップコート,,23,Ｔ,93.5
227,オーロラコート,,20,Ｔ,102.5
228,Ｖマット,,21,Ｙ,90
229,Ｖマット,,21,Ｔ,90
230,Ｖマット,,23,Ｙ,125
231,Ｖマット,,23,Ｙ,153
232,シャトン,,20,Ｙ,70.5
233,シャトン,,21,Ｔ,110
234,シルバーダイヤ,,20,Ｔ,44.5
235,シルバーダイヤ,,23,Ｔ,76.5
236,ホワイトニューＶマット,,20,Ｙ,70.5
237,ホワイトニューＶマット,,23,Ｙ,93.5
238,マットカラーＨＧ,,21,Ｔ,193.5
239,マットカラーＨＧ,,21,Ｔ,223.5
240,ユトリログロスマット,,20,Ｙ,44.5
241,ｎｐｉ上質,,20,Ｙ,28.5
242,ｎｐｉ上質,,23,Ｙ,48.5
243,ｎｐｉ上質,,23,Ｔ,48.5
244,ｎｐｉ上質,,22,Ｔ,53
245,ｎｐｉ上質,,20,Ｔ,57.5
246,ｎｐｉ上質,,23,Ｔ,62.5
247,ｎｐｉ上質,,21,Ｔ,110
248,ｎｐｉ上質グリーン７０,,25,Ｙ,35
249,プリンス上質,,23,Ｙ,48.5
250,プリンス上質エコグリーン,,23,Ｙ,93.5
251,ユトリロ上質,,21,Ｔ,55
252,ユトリロ上質グリーン７０,,20,Ｙ,35
253,ボンアイボリー,,21,Ｔ,18
254,ボンアイボリー,,21,Ｔ,19.5
255,マットポスト,,23,Ｙ,104
256,北越アートポスト,,21,Ｔ,220
257,ＯＫアートポスト,,23,Ｔ,167
258,ＯＫアートポスト,,23,Ｙ,111
259,ｂ７トラネクスト,,20,Ｙ,55
260,ｂ７バルキー,,23,Ｙ,56.5
261,ｂ７ナチュラル,,21,Ｔ,86
262,ｂ７ナチュラル,,21,Ｔ,99
263,オペラクリームウルトラ,,20,Ｔ,46
264,オペラクリームウルトラ,,20,Ｔ,51
265,ソリストＳＰ（Ｎ）,,21,Ｙ,65.5
266,ラフクリーム琥珀,,20,Ｔ,42.5
267,淡クリームキンマリ,,20,Ｙ,46.5
268,淡クリームキンマリ,,21,Ｙ,90
269,淡クリームラフ書籍,,20,Ｔ,45.5
270,琥珀,,21,Ｙ,90
271,ロッキー,,20,Ｙ,35
272,ＮＴラシャ,アサギ,21,Ｙ,210
273,ＮＴラシャ,フジ,21,Ｙ,130
274,ＰＨＯ,,21,Ｙ,130
275,ＰＨＯ,,21,Ｙ,160
276,ＰＨＯ,,21,Ｙ,180
277,ＷＰＨＯ,,21,Ｙ,110
278,ＷＰＨＯ,,21,Ｙ,135
279,ＷＰＨＯ,,21,Ｙ,180
280,しこくてんれい,シロ,23,Ｔ,53.5
281,しこくてんれい,シロ,23,Ｙ,62.5
282,しこくてんれい,シロ,21,Ｔ,110
283,しこくてんれい,シロ,21,Ｔ,135
284,しこくてんれい,シロ,21,Ｔ,180
285,はまゆう,,21,Ｔ,43
286,はまゆう,,23,Ｙ,27.5
287,エスプリＦＰ,,23,Ｙ,125
288,エスプリＶエンボスストライプ,,21,Ｔ,180
289,エスプリＷ,,23,Ｙ,93.5
290,エスプリＷ,,23,Ｔ,125
291,ニューラグリンアイボリー,,21,Ｙ,146
292,パミス,シロ,23,Ｙ,69.5
293,パミス,シロ,23,Ｙ,104
294,パミス,シロ,23,Ｙ,139
295,パミス,シロ,21,Ｙ,120
296,ピーチケント,,23,Ｔ,93.5
297,ピーチケント,,23,Ｔ,125
298,ピーチケント,,23,Ｔ,139
299,ピズムマット,,23,Ｔ,125
300,ホワイトピーチケント,,23,Ｔ,125
301,ホワイトピーチケント,,23,Ｙ,153
302,ホワイトピーチケント,,21,Ｔ,160
303,ホワイトピーチケント,,21,Ｔ,180
304,ホワイトピーチケント,,23,Ｙ,184
305,マーメイド,ナチュラル,21,Ｙ,153
306,ミラーコートＰ,,23,Ｔ,125
307,ミラーコートＰ,,23,Ｙ,153
308,レザック６６,タマゴ,21,Ｙ,175
309,レザック８０つむぎ,ダイダイ,21,Ｙ,210
310,花紋,,23,Ｙ,125
311,晒竜王Ｗ,,24,Ｔ,54
312,晒竜王Ｗ,,24,Ｔ,86.5
313,晒竜王Ｗ,,24,Ｔ,129.5
314,東海クラフト,,24,Ｔ,65
315,東海クラフト,,24,Ｔ,86.5
316,白銀,,21,Ｙ,30
317,白銀,,21,Ｙ,38.5
318,白銀,,21,Ｔ,38.5
319,白銀,,21,Ｔ,43
320,白銀,,21,Ｔ,56
321,奉書紙しろたえ,,21,Ｙ,45
322,ＫＳＹ奉書紙,,21,Ｙ,70
323,奉書紙特白,,21,Ｔ,51.5
324,奉書紙特白,,21,Ｔ,60
325,北雪ケント,,23,Ｙ,125
326,北雪ケント,,21,Ｔ,225
327,北雪ケント,,21,Ｔ,265
328,北雪ケント,,21,Ｔ,310
329,紀州,アイボリー,21,Ｔ,176
330,紀州,アサギ,20,Ｔ,33
331,紀州,アサギ,20,Ｔ,42
332,紀州,アサギ,20,Ｔ,50
333,紀州,アサギ,20,Ｔ,68.5
334,紀州,アサギ,21,Ｔ,107
335,紀州,アジサイ,21,Ｔ,78
336,紀州,ウグイス,20,Ｔ,33
337,紀州,ウグイス,20,Ｔ,50
338,紀州,ウグイス,21,Ｔ,78
339,紀州,ウグイス,21,Ｔ,176
340,紀州,オレンジ,20,Ｔ,50
341,紀州,オレンジ,21,Ｔ,78
342,紀州,ギンネズ,21,Ｔ,78
343,紀州,クリーム,20,Ｔ,42
344,紀州,クリーム,21,Ｔ,107
345,紀州,クリーム,21,Ｔ,176
346,紀州,コスモス,20,Ｔ,42
347,紀州,サーモン,20,Ｔ,42
348,紀州,サクラ,20,Ｔ,68.5
349,紀州,シラチャ,20,Ｔ,33
350,紀州,ハダ,20,Ｔ,78
351,紀州,ミズ,20,Ｔ,50
352,紀州,モモ,20,Ｔ,42
353,紀州,ラベンダー,20,Ｔ,68.5
354,紀州,ワカクサ,20,Ｔ,68.5
355,紀州,ワカタケ,21,Ｔ,176
356,紀州,濃クリーム,20,Ｔ,50
357,紀州,濃クリーム,21,Ｔ,78
358,日本製紙,ピュアピンク,20,Ｔ,42
359,日本製紙,ピュアライトクリーム,20,Ｔ,33
360,日本製紙,ピュアライトブルー,20,Ｔ,42
361,日本製紙,ピュアライム,20,Ｔ,42
362,日本製紙,ピュアライム,20,Ｔ,68.5
363,日本製紙,ワカタケ,20,Ｔ,50
364,紀州,ハダ,20,Ｔ,68.5
365,ＯＫアートポスト,,23,Ｙ,153
366,みやぎぬ,サクラ,21,Ｙ,170
367,ＯＫトップコート,,23,Ｙ,93.5
368,五條スペシャリティーズ№２１５－２５６,,21,Ｔ,22
369,ＯＫＡＣカード＃３００,ハダ,21,Ｔ,264
370,シナールＤＧグロス,,23,Ｙ,62.5
371,ｎｐｉ上質,,25,Ｙ,26.5
372,ＰＨＯ,,21,Ｙ,135
373,マルウタック上質,,27,Ｔ,70
374,ユトリログロスマットＮ,,23,Ｙ,93.5
375,雷鳥上質,,25,Ｙ,26.5
376,ユポＦＧＳ,,21,Ｔ,80
377,紀州,濃クリーム,21,Ｔ,66
378,紀州,シラチャ,20,Ｔ,68.5
379,タント,Ｌ－７２,21,Ｙ,100
380,紀州,リンドウ,20,Ｔ,50
381,ホワイトニューＶマット,,23,Ｔ,62.5
382,紀州,サクラ,20,Ｔ,33
383,紀州,アサギ,21,Ｔ,176
384,レザック６６,モモ,21,Ｙ,175
385,紀州,ミズ,20,Ｔ,84.5
386,ＯＫアートポスト,,21,Ｙ,180
387,シナールＤＧグロス,,21,Ｔ,90
388,パールコートＰ,,23,Ｙ,93.5
389,ボンアイボリー,,21,Ｔ,31
390,北越アートポスト,,23,Ｔ,111
391,北越アートポスト,,23,Ｙ,111
392,レザック６６,シロ,21,Ｙ,175
393,マルウタックアート,,27,Ｔ,73
394,タント,Ｌ－５９,21,Ｙ,100
395,Ａカード＃２５０,モモ,21,Ｔ,250
396,Ａカード＃１５０,ナチュラル,21,Ｔ,1
397,エスプリＦＰ,,23,Ｔ,125
398,レザック８０つむぎ,アサギ,21,Ｙ,210
399,タント,Ｄ－６１,21,Ｙ,100
400,ｂ７トラネクスト,,20,Ｔ,50.5
401,紀州,モモ,21,Ｔ,52
402,マルウタック上質,トイシ強粘着,27,Ｔ,70
403,ユポＦＧＳ,,21,Ｔ,200
404,ユポＦＲＢＷ,,21,Ｔ,200
405,日本製紙,モモ,20,Ｔ,68.5
406,紀州,フジ,21,Ｔ,107
407,日本製紙,ギンネズ,20,Ｔ,68.5
408,紀州,ミズ,20,Ｔ,42
409,紀州,ギンネズ,20,Ｔ,42
410,紀州,フジ,20,Ｔ,42
411,紀州,ビワ,20,Ｔ,42
412,ホワイトニューＶマット,,21,Ｔ,110
413,レザック９６オリヒメ,ミルク,21,Ｙ,200
414,パールコートＰ,,23,Ｔ,93.5
415,ｂ７トラネクスト,,21,Ｔ,79
416,ヴァンヌーボＶ,スノーホワイト,23,Ｙ,104
417,ありそ,,21,Ｔ,62
418,ありそ,,20,Ｔ,39.5
419,ホワイトニューＶマット,,20,Ｙ,57.5
420,ＮＴラシャ,黄緑,21,Ｙ,100
421,パールコートＰ,,20,Ｔ,70.5
422,プリンス上質エコグリーン,,20,Ｙ,44.5
423,紀州,クリーム,20,Ｔ,68.5
424,薄模造,,21,Ｔ,30
425,ヴァンヌーボＶ,ナチュラル,21,Ｙ,150
426,紀州,アカ,20,Ｔ,68.5
427,レザック６６,カラシ,21,Ｙ,175
428,紀州,ギンネズ,21,Ｔ,107
429,紀州,ミズ,20,Ｔ,33
430,紀州,アジサイ,20,Ｔ,84.5
431,紀州,アジサイ,20,Ｔ,42
432,オーロラコート,,23,Ｙ,111
433,ジョイボリー,,21,Ｔ,22.5
434,ミセスＢ,スーパーホワイト,23,Ｙ,76.5
435,紀州,ワカタケ,21,Ｔ,107
436,アレザンＦＳ,ホワイト,31,Ｔ,204
437,ＯＫアートポスト,,23,Ｙ,139
438,紀州,ワカタケ,20,Ｔ,33
439,紀州,モモ,21,Ｔ,134
440,紀州,レモン,21,Ｔ,134
441,菊水和紙№特２１両面オボナイ,シロ,21,Ｙ,1
442,モデラトーンＧＡ,ナチュラル,21,Ｙ,200
443,タント,Ｄ－６３,21,Ｙ,100
444,薄模造,,20,Ｔ,19
445,薄模造,,21,Ｔ,19.5
446,エンボス布目,,21,Ｔ,135
447,紀州,モモ,21,Ｔ,132
448,紀州,レモン,21,Ｔ,132
449,紀州,ウグイス,21,Ｔ,52
450,江戸小染はな,キハダ,21,Ｙ,100
451,ユポＦＲＢＷ,,23,Ｔ,300
452,エンボス梨地,,21,Ｔ,135
453,レザック６６,ウスムラサキ,21,Ｙ,215
454,パミス,シロ,21,Ｙ,150
455,エスプリＦＰ,,23,Ｙ,93.5
456,ジョイボリー,,23,Ｙ,12.5
457,ミラーコートゴールド,,23,Ｙ,125
458,紀州,ミドリ,20,Ｔ,42
459,タント,Ｎ－８,21,Ｙ,130
460,ボンアイボリー,,21,Ｔ,16.5
461,雷鳥上質,くまけい,20,Ｙ,44.5
462,シナールＤＧグロス,くまけい,20,Ｙ,46.5
463,タイオウアトラス軽包装,,24,Ｔ,65
464,セキュリティー用紙,銀河,21,Ｙ,90
465,エスプリＷ,,23,Ｔ,188
466,紀州,濃クリーム,20,Ｔ,33
467,エスプリＶ,,23,Ｔ,188
468,日本製紙,ハダ,21,Ｔ,107
469,紀州,コスモス,20,Ｔ,33
470,Ｍｒ，Ｂ,ホワイト,21,Ｙ,110
471,片艶晒クラフト,,24,Ｔ,108
472,片艶晒クラフト,,24,Ｔ,86.5
473,紀州,オレンジ,20,Ｔ,33
474,雷鳥ＳアートＣＯＣ,,23,Ｙ,93.5
475,雷鳥ＳアートＣＯＣ,,23,Ｙ,76.5
476,ＯＫトップコート,,20,Ｙ,57.5
477,雷鳥ＳアートＣＯＣ,,23,Ｔ,93.5
478,紀州ラップ,,24,Ｔ,108
479,紀州ラップ,,24,Ｔ,86.5
480,みやぎぬ,松葉,21,Ｙ,130
481,ｎｐｉ上質,,23,Ｙ,62.5
482,日本製紙,モモ,21,Ｔ,66
483,コクヨワープロラベル,タイ－２１１１Ｎ－Ｗ,4,Ｔ,1
484,銀竹クラフト,,24,Ｔ,72
485,琥珀,,22,Ｔ,70
486,紀州,ワカタケ,21,Ｔ,52
487,紀州,濃クリーム,21,Ｔ,52
488,日本製紙,ダイダイ,20,Ｔ,68.5
489,紀州,モモ,21,Ｔ,78
490,紀州,ミドリ,20,Ｔ,50
491,日本製紙,ピュアピンク,20,Ｔ,50
492,アラベール,ホワイト,21,Ｙ,70
493,エスプリコートＳＳ,,23,Ｙ,153
494,紀州,フジ,20,Ｔ,33
495,紀州,ギンネズ,20,Ｔ,33
496,紀州,サーモン,20,Ｔ,33
497,紀州,ブルー,20,Ｔ,33
498,紀州,アイボリー,20,Ｔ,33
499,紀州,ワカクサ,21,Ｔ,134
500,日本製紙,ウスベニ,21,Ｔ,134
501,日本製紙,ピュアライトクリーム,21,Ｔ,134
502,紀州,フジ,21,Ｔ,134
503,紀州,キ,21,Ｔ,52
504,Ｖマット,,20,Ｔ,70.5
505,紀州,ソラ,20,Ｔ,33
506,紀州,ミドリ,21,Ｔ,66
507,里紙,タケ,21,Ｙ,130
508,新だん紙,シロ,21,Ｙ,135
509,紀州,コスモス,21,Ｔ,134
510,紀州,ヤマブキ,21,Ｔ,134
511,里紙,キキョウ,21,Ｙ,100
512,紀州,ワカクサ,21,Ｔ,132
513,紀州,コスモス,21,Ｔ,132
514,紀州,ヤマブキ,21,Ｔ,132
515,紀州,フジ,21,Ｔ,132
516,マルウタックマット,リベールＳ白セパ,27,Ｔ,70
517,ＣＣＰ親展はがき,ＪＧＳ５１Ｍ,20,Ｔ,160.2
518,淡クリームキンマリ,,21,Ｙ,72.5
519,レザック６６,ミルク,21,Ｙ,215
520,雷鳥マットアート,,23,Ｙ,76.5
521,紀州,シラチャ,20,Ｔ,42
522,感圧紙中葉４０Ｗ,シロ,36,Ｙ,40
523,北越アートポスト,,21,Ｔ,180
524,ＭＬファイバー,ウスアオ,21,Ｙ,160
525,モデラトーンＧＡ,ナチュラル,21,Ｙ,110
526,シルバーダイヤ,,23,Ｙ,93.5
527,エコジャパンＲ,ツユクサ,21,Ｙ,100
528,紀州,コスモス,20,Ｔ,50
529,雷鳥ダルアート,,23,Ｙ,76.5
530,レザック６６,オリーブ,21,Ｙ,215
531,ＯＫアートポスト,,21,Ｔ,220
532,紀州,モモ,20,Ｔ,50
533,奉書紙しろたえ,,21,Ｙ,65
534,フリッター,ハイホワイト,21,Ｙ,180
535,ハンマートーンＧＡ,アイ,21,Ｙ,80
536,フラスコ,ホワイト,21,Ｙ,80
537,キャストコートタック,,27,Ｔ,1
538,艶塩ビ＃８０,,39,Ｔ,1
539,日本製紙,ワカタケ,20,Ｔ,68.5
540,サテン金藤Ｎ,,23,Ｙ,125
541,シルバーダイヤ,,20,Ｙ,70.5
542,ニューケント,,21,Ｔ,160
543,日本製紙,キ,21,Ｔ,52
544,新大礼紙華,パールホワイト,21,Ｙ,75
545,モデラトーンＧＡ,スノー,21,Ｙ,200
546,ＮＴラシャ,コソメ,21,Ｙ,100
547,アラベール,スノーホワイト,21,Ｙ,90
548,北越アートポスト,,23,Ｔ,153
549,紀州,クリーム,20,Ｔ,33
550,Ｖマット,,23,Ｙ,62.5
551,ｎｐｉ上質,,21,Ｔ,45
552,ホワイトニューＶマット,,21,Ｔ,135
553,Ｍｒ，Ｂ,ホワイト,23,Ｙ,93.5
554,タント,Ｎ－６６,21,Ｙ,100
555,ＮＴラシャ,ニブアオ,21,Ｙ,100
556,ＮＴラシャ,ウスネズミ,21,Ｙ,100
557,モデラトーンＧＡ,ホワイト,21,Ｙ,200
558,タント,Ｎ－６８,21,Ｙ,100
559,キュリアスメタル,シルバー,21,Ｙ,215
560,紀州,サクラ,21,Ｔ,176
561,みやぎぬ,キヌ,21,Ｙ,200
562,レイナＲ,,23,Ｙ,153
563,ｎｐｉ上質グリーン７０,,20,Ｙ,57.5
564,タント,Ｎ－８,21,Ｙ,180
565,ベストマット,,21,Ｔ,180
566,ゴールドアトラスＧ,,24,Ｔ,129.5
567,ＪＥＴエースＦ,,29,Ｔ,48.5
568,日本製紙,オレンジ,20,Ｔ,68.5
569,ＣＣＰ中葉　６０Ｗ,,20,Ｙ,1
570,アラベール,ナチュラル,21,Ｙ,160
571,里紙,シロ,21,Ｙ,100
572,紀州,ハダ,21,Ｔ,176
573,紀州,キ,21,Ｔ,66
574,里紙,ウグイス,21,Ｙ,100
575,北雪ケント,,21,Ｔ,360
576,プリンス上質エコグリーン,,20,Ｙ,57.5
577,モデラトーンＧＡ,ナチュラル,21,Ｙ,135
578,紀州,アジサイ,21,Ｔ,176
579,紀州,ミドリ,21,Ｔ,107
580,アラベール,スノーホワイト,23,Ｔ,76.5
581,ユトリロコートグリーン７０,,20,Ｙ,70.5
582,ＯＫコートグリーン１００,,20,Ｙ,70.5
583,感圧紙,上葉８０Ｗ,20,Ｔ,1
584,感圧紙,下葉８０Ｗ,20,Ｔ,1
585,紀州,アジサイ,20,Ｔ,121.5
586,スピカボンド,,20,Ｙ,41.5
587,紀州,ワカクサ,21,Ｔ,78
588,シルバーダイヤ,,20,Ｙ,44.5
589,感圧紙中葉６０Ｗ,,20,Ｔ,1
590,紀州,ブルー,21,Ｔ,107
591,スノーペトル,ホワイト,21,Ｔ,90
592,紀州,ウスミズ,20,Ｔ,68.5
593,インペリアルマット,,23,Ｙ,125
594,ボンアイボリー,,23,Ｙ,21.5
595,マルウタックスーパーユポ＃１１０,,35,Ｔ,1
596,ｎｐｉ上質,,22,Ｔ,67.5
597,日本製紙,ピュアピンク,21,Ｔ,52
598,ｎｐｉ上質,,23,Ｙ,38
599,タント,Ｎ－３,21,Ｙ,130
600,紀州,サクラ,20,Ｔ,84.5
601,紀州,クリーム,20,Ｔ,84.5
602,タント,Ｎ－６２,21,Ｙ,100
603,紀州,シロ,20,Ｔ,50
604,ＯＫカイゼル,コイネズミ,21,Ｙ,110
605,マーメイド,シロ,21,Ｙ,210
606,Ｖマット,,23,Ｔ,93.5
607,アラベール,ナチュラル,21,Ｙ,90
608,マルウタックオリンパス,,27,Ｔ,70
609,マルウタック上質超強粘着,,27,Ｔ,70
610,ラフクリーム琥珀,,21,Ｙ,71.5
611,タント,Ｈ－７０,21,Ｙ,100
612,紀州,モエギ,20,Ｔ,42
613,紀州上質,,22,Ｔ,53
614,クムンドカシミアＦＳ,シロ,1,Ｔ,175
615,クムンドカシミアＦＳ,ユキ,1,Ｔ,95
616,ビオトープＧＡ－ＦＳ,アンバーレッド,21,Ｙ,120
617,エスプリＦＰ,,23,Ｙ,76.5
618,晒竜王Ｗ,,24,Ｔ,75.5
619,北雪ケント,,23,Ｙ,155
620,ＯＫアートポスト,,21,Ｔ,160
621,紀州,オレンジ,20,Ｔ,84.5
622,紀州,ハダ,20,Ｔ,112.5
623,ｎｐｉ上質,,23,Ｙ,76.5
624,ジョイボリー,,23,Ｙ,15.5
625,ケンラン,ホワイト,21,Ｙ,180
626,レザック６６,ベニ,21,Ｙ,130
627,レザック６６,オリーブ,21,Ｙ,175
628,マルウタック上質強粘着,,27,Ｔ,70
629,紀州,サクラ,21,Ｔ,66
630,日本製紙,モモ,20,Ｔ,42
631,オペラクリームウルトラ,,21,Ｙ,72
632,奉書紙,白青,21,Ｙ,60
633,ＳＡ金藤,,23,Ｙ,125
634,ｎｐｉ上質,,21,Ｙ,135
635,ｎｐｉ上質,,20,Ｔ,86.5
636,奉書紙,特白,21,Ｙ,60
637,ＣＣＰ上葉８０Ｗ,,20,Ｔ,1
638,ＣＣＰ下葉８０Ｗ,,20,Ｔ,1
639,レザック６６,ボタン,21,Ｙ,260
640,レザック６６,アカ,21,Ｙ,260
641,レザック６６,ミント,21,Ｙ,260
642,日本製紙,ピュアピンク,21,Ｔ,66
643,レザック６６,シロ,21,Ｙ,215
644,琥珀,,21,Ｔ,90
645,タント,Ｎ－７,21,Ｙ,100
646,ｎｐｉ上質,,21,Ｙ,55
647,紀州,レモン,21,Ｔ,107
648,ジョイボリー,,23,Ｙ,14
649,レザック６６,ラクダ,21,Ｙ,175
650,紀州,クリーム,21,Ｔ,78
651,雷鳥上質,,21,Ｔ,90
652,紀州,アサギ,21,Ｔ,78
653,ホワイトニューＶマット,,23,Ｙ,76.5
654,金ピカ水溶強粘,,27,Ｔ,1
655,アラベール,スノーホワイト,21,Ｙ,200
656,ジョイボリー,,23,Ｙ,18.5
657,星高奉書紙,特白,21,Ｙ,60
658,紀州,ワカクサ,20,Ｔ,121.5
659,新草木染,すずめいろ,21,Ｔ,47.5
660,ニューユポＦＧＳ＃８０,,21,Ｔ,1
661,紀州,ハダ,21,Ｔ,107
662,日本製紙,アサギ,21,Ｔ,66
663,エーワンマルチカード５１２６１,,4,Ｔ,1
664,レザック６６,ユキ,21,Ｙ,175
665,ありそ,,20,Ｔ,35
666,ゴールドアトラスＧ,,24,Ｔ,92
667,日本製紙,ピュアライトクリーム,20,Ｔ,68.5
668,ＯＫアートポスト,,21,Ｔ,180
669,ＯＣＲ,,23,Ｔ,62.5
670,ＯＡ賞状用紙,,35,Ｔ,1
671,紀州ＯＣＲ,,23,Ｔ,62.5
672,ＭＩＣＲ用紙,,32,Ｔ,36.5
673,マルウタックキャストコート,,27,Ｔ,73
674,Ａカード＃３００,濃クリーム,21,Ｔ,270
675,Ａカード＃２００,ミズ,21,Ｔ,180
676,紀州,シラチャ,21,Ｔ,52
677,Ａカード＃２５０,ソラ,21,Ｔ,1
678,紀州,キ,21,Ｔ,132
679,星高奉書紙,特白,21,Ｔ,51.5
680,テンカラーエンボス皮しぼ,コイモモ,21,Ｙ,175
681,紀州,ブルー,21,Ｔ,176
682,ＯＫアートポスト,,21,Ｙ,220
683,ＯＫマットエコグリーン,,20,Ｙ,57.5
684,パールコートＰ,,20,Ｙ,43.5
685,レザック８０つむぎ,シロ,21,Ｙ,170
686,タント,Ｐ－６０,21,Ｙ,100
687,パールコートＰ,,23,Ｔ,62.5
688,レザック８０つむぎ,ハダ,21,Ｙ,210
689,レザック６６,ウスミドリ,21,Ｙ,175
690,エーワンマルチカード５１２１６,,4,Ｔ,1
691,ＯＫレインガード,,21,Ｔ,135
692,レザック６６,キ,21,Ｙ,175
693,クラークケント,,23,Ｙ,125
694,レザック６６,キ,21,Ｙ,215
695,ＦＢ堅紙クリーム,,21,Ｙ,180
696,雷鳥上質,,21,Ｔ,110
697,サンカード,,21,Ｔ,19.5
698,サンカード,,21,Ｔ,36
699,サンカード,,23,Ｙ,12.5
700,菊水和紙局紙赤口№２０２３厚口,,32,Ｙ,1
701,紀州,ウスミズ,20,Ｔ,33
702,ＮＴラシャ,ニブアカネズミ,21,Ｙ,100
703,ＳＴカバー,シロ,21,Ｙ,100
704,ＯＫアートポスト,,23,Ｔ,111
705,紀州上質,,20,Ｔ,44.5
706,紀州,ハダ,21,Ｔ,78
707,日本製紙,クリーム,20,Ｔ,50
708,エンボス布目,,23,Ｔ,76.5
709,紀州,フジ,20,Ｔ,84.5
710,ユポハイグロス,ＧＡＲ１００,20,Ｔ,1
711,ナポレン,ホワイト,21,Ｔ,175
712,レザック６６,ウスミドリ,21,Ｙ,215
713,日本製紙,アサギ,20,Ｔ,42
714,エスプリコートＣ,,23,Ｙ,125
715,アラベール,ホワイト,23,Ｙ,139
716,マルウタック上質トイシ強粘着,,35,Ｔ,90
717,マーメイド,グレー２,21,Ｙ,200
718,アートボード,,23,Ｙ,12.5
719,日本製紙,サクラ,20,Ｔ,33
720,モス,ライトグレー,21,Ｙ,240
721,アラベール,ホワイト,21,Ｙ,160
722,タント,Ｈ－６４,21,Ｙ,100
723,日本製紙,サクラ,20,Ｔ,42
724,日本製紙,ピュアピンク,21,Ｔ,107
725,シナールＤＧグロス,,23,Ｔ,76.5
726,Ａカード＃２００,アイボリー,21,Ｔ,180
727,Ａカード＃２００,ナチュラル,21,Ｔ,180
728,Ａカード＃２００,淡クリーム,21,Ｔ,180
729,Ａカード＃２５０,ミズ,21,Ｔ,225
730,Ａカード＃３００,モモ,21,Ｔ,270
731,ＯＫトップコート,,21,Ｔ,110
732,ＯＫマットエコグリーン,,20,Ｔ,57.5
733,ＯＫマットエコグリーン,,20,Ｙ,70.5
734,ＯＫレインガード,,21,Ｔ,90
735,ＯＫ金藤片面,,21,Ｔ,73
736,ＰＨＯ,淡クリーム,21,Ｙ,180
737,ＷＰＨＯエンボス絹目,,21,Ｙ,180
738,ｂ７クリーム,,20,Ｙ,55
739,ｂ７トラネクスト,,20,Ｔ,63
740,ｂ７ナチュラル,,20,Ｔ,45.5
741,ｂ７ナチュラル,,21,Ｙ,71.5
742,ｂ７バルキー,,20,Ｙ,57.5
743,ｎｐｉ上質,,20,Ｔ,35
744,ありそ,,22,Ｔ,53
745,きらびき,シロＳ－８０,23,Ｙ,1
746,アラベール,スノーホワイト,21,Ｙ,110
747,エスプリＡＰ,,23,Ｙ,139
748,エスプリＶ,,21,Ｔ,180
749,エスプリＶ,,21,Ｔ,220
750,エスプリＶ,,23,Ｙ,153
751,オーロラコート,,21,Ｔ,110
752,オリンパス城野印刷,,24,Ｔ,75.5
753,クラシコトレス,,20,Ｔ,85
754,クラシコトレス,,20,Ｔ,74
755,クラシコトレス,,20,Ｔ,107
756,クラシコトレス,,20,Ｔ,41
757,クラシコトレス,グリーン,20,Ｔ,74
758,グラディラＣＯＣ,,23,Ｙ,68.5
759,ケナフ１００ＧＡ,,23,Ｙ,125
760,ケンラン,ナチュラル,21,Ｙ,265
761,ケンラン,淡クリーム,21,Ｙ,180
762,コスモエアーライト,,20,Ｔ,35
763,コスモエアーライト,,21,Ｙ,71.5
764,サテン金藤Ｎ,,21,Ｙ,180
765,サテン金藤Ｎ,,23,Ｙ,111
766,シャトン,,20,Ｔ,57.5
767,シルバーダイヤ,,21,Ｔ,110
768,タント,Ｎ－５７,21,Ｙ,100
769,タント,Ｎ－８,21,Ｙ,100
770,テンカラー,ゾウゲ,21,Ｙ,175
771,トモエリバー６４,,20,Ｔ,0
772,ニューケント,,21,Ｔ,180
773,パールコートＰ,,20,Ｔ,43.5
774,パールコートＰ,,20,Ｔ,86.5
775,パールコートＰ,,23,Ｙ,113.5
776,パールコートＰ,,21,Ｙ,90
777,パミス,ジュンパク,23,Ｙ,139
778,プリンス上質エコグリーン,,20,Ｙ,70.5
779,ベストマット,,23,Ｙ,93.5
780,ホワイトニューＶマット,,20,Ｙ,44.5
781,ホワイトニューＶマット,,23,Ｙ,62.5
782,ホワイトニューＶマット,,21,Ｔ,90
783,ボンアイボリー,,21,Ｔ,40
784,ボンアイボリー,,23,Ｔ,15.5
785,マーメイド,シラチャ,21,Ｙ,160
786,マーメイド,シロ,21,Ｙ,160
787,マーメイド,シロ,23,Ｙ,93.5
788,マットカラーＨＧ,,21,Ｔ,135
789,マルウタック上質強粘着,,35,Ｔ,70
790,ミラーコートＰ,,23,Ｔ,76.5
791,ミラーコートＰ,,23,Ｙ,139
792,メヌエットライトＣ,,20,Ｔ,43.5
793,メヌエットライトＣ,,20,Ｔ,46
794,レイナＲ,,21,Ｔ,220
795,レイナＲ,,23,Ｙ,139
796,レザック６６,ギンネズ,21,Ｙ,215
797,レザック６６,スミレ,21,Ｙ,175
798,レザック６６,スミレ,21,Ｙ,215
799,レザック６６,ボタン,21,Ｙ,175
800,レザック８０つむぎ,バラ,21,Ｙ,210
801,レザック８０つむぎ,ミドリ,21,Ｙ,210
802,ヴァンヌーボＶ,スノーホワイト,23,Ｙ,135.5
803,ヴァンヌーボＶ,スノーホワイト,23,Ｙ,73
804,ヴァンヌーボＶ,ホワイト,23,Ｙ,125
805,ヴァンヌーボＶ,ホワイト,23,Ｙ,62.5
806,ヴァンヌーボＶ,ホワイト,23,Ｙ,104
807,紀州,アイボリー,20,Ｔ,112.5
808,紀州,アジサイ,21,Ｔ,132
809,紀州,オレンジ,21,Ｔ,132
810,紀州,キ,21,Ｔ,134
811,紀州,キ,21,Ｔ,176
812,紀州,ギンネズ,21,Ｔ,176
813,紀州,クリーム,20,Ｔ,112.5
814,紀州,サクラ,20,Ｔ,112.5
815,紀州,シラチャ,21,Ｔ,176
816,紀州,シロ,20,Ｔ,42
817,紀州,シロ,20,Ｔ,68.5
818,紀州,ミズ,21,Ｔ,176
819,紀州,モエギ,20,Ｔ,50
820,紀州,モエギ,20,Ｔ,84.5
821,紀州,モモ,20,Ｔ,112.5
822,紀州,ヤマブキ,20,Ｔ,33
823,紀州ラップ,,24,Ｔ,129.5
824,紀州,ワカタケ,20,Ｔ,112.5
825,金かすみ水溶強粘,,27,Ｔ,1
826,銀竹クラフト,,24,Ｔ,63
827,江戸小染はな,キヌ,21,Ｙ,175
828,三菱トレッシング,,20,Ｔ,33
829,三菱トレッシング,,20,Ｔ,35.5
830,大王製紙,シロ,21,Ｔ,107
831,大礼紙,シロヤナギ,21,Ｙ,60
832,淡クリームラフ書籍,,20,Ｔ,42.5
833,東海クラフト,,24,Ｔ,108
834,東海クラフト,,24,Ｔ,129.5
835,日本製紙,ウスベニ,21,Ｔ,107
836,日本製紙,ピュアピンク,20,Ｔ,107
837,日本製紙,ピュアライトブルー,21,Ｔ,107
838,雷鳥ＳアートＣＯＣ,,21,Ｔ,110
839,里紙,シロ,21,Ｙ,130
840,里紙,シロ,21,Ｙ,70
841,琥珀,,20,Ｔ,40.5
842,ＪＥＴエースＦ,,31,Ｔ,37
843,紀州,ウスダイダイ,21,Ｔ,107
844,紀州,リンドウ,20,Ｔ,33
845,レザック７５,クリーム,21,Ｙ,130
846,雷鳥特アート,,23,Ｙ,62.5
847,ユトリロ上質,,20,Ｙ,35
848,ＯＫミューズコットン,ビャクグン,21,Ｙ,118
849,ＯＫミューズコットン,ネズアサギ,21,Ｙ,118
850,ＲＶマット,,20,Ｔ,44.5
851,新草木染,あまがわ,21,Ｙ,64.5
852,レザック６６,アボガド,21,Ｙ,260
853,Ｖマット,,20,Ｔ,57.5
854,ユポタック,４４０＊４２０,1,Ｔ,1
855,紀州,ミドリ,20,Ｔ,68.5
856,ｎｐｉ上質グリーン７０,,20,Ｙ,35
857,Ａカード＃２５０,モモ,21,Ｔ,225
858,ＳＴカバー,シロ,21,Ｔ,100
859,マルウタックキャストコート,,35,Ｔ,73
860,レザック６６,キンチャ,21,Ｙ,260
861,レザツク８２ろうけつ,ゾウゲ,21,Ｙ,130
862,レザック６６,キンチャ,21,Ｙ,175
863,プリンス上質,,23,Ｔ,48.5
864,ＯＫコートエコグリーン,,21,Ｔ,135
865,シルバーダイヤ,,20,Ｙ,86.5
866,クラークケント,,23,Ｔ,125
867,シナールＤＧグロス,,20,Ｔ,70.5
868,紀州,ワカクサ,21,Ｔ,68.5
869,ニューユポＦＧＳ＃２００,,21,Ｙ,1
870,Ａカード＃２５０,ハダ,21,Ｔ,180
871,Ａカード＃２５０,ハダ,21,Ｔ,225
872,ＡライトスタッフＧＡ－ＦＳ,,23,Ｙ,76.5
873,スーパーユポＦＲＢＷ,,23,Ｔ,130
874,紀州,濃クリーム,21,Ｔ,107
875,ＴＳギフト１,カシミヤ,21,Ｙ,200
876,こざと,シラユキ,21,Ｙ,90
877,ファーストヴィンテージ,アップルグリーン,21,Ｙ,86
878,アラベール,スノーホワイト,23,Ｙ,139
879,パミス,,23,Ｙ,104
880,ＮＴラシャ,ギンネズ,21,Ｙ,130
881,菊水和紙局紙赤口№２０２３厚口,,32,Ｔ,1
882,レーヨン大礼紙№２９１１,,21,Ｔ,1
883,Ｖマット,,21,Ｙ,110
884,ビルカラー,ウスネズミ,21,Ｙ,220
885,タント,Ｖ－６８,21,Ｙ,100
886,アルファーユポ＃４００,,21,Ｙ,1
887,ビルカラー,モモ,21,Ｙ,220
888,里紙,トキ,21,Ｙ,100
889,ＯＫフェザーワルツ,ユキ,21,Ｙ,120
890,ＯＫミューズキララ,ホワイト,21,Ｙ,120
891,雷鳥上質,,20,Ｙ,35
892,ＯＫミューズコットン,ワカミドリ,21,Ｙ,118
893,アラベール,ナチュラル,23,Ｙ,111
894,マルウタック上質,,35,Ｔ,70
895,紀州,アイボリー,20,Ｔ,42
896,キュリアスメタル,ゴールド,21,Ｙ,215
897,レザック６６,ミルク,21,Ｙ,175
898,ユポＦＧＳ,＃２５０,23,Ｔ,1
899,ＯＫミューズコットン,レモン,21,Ｙ,118
900,紀州,ヤマブキ,20,Ｔ,42
901,ｂ７ナチュラル,,20,Ｔ,63
902,ボンアイボリー,,23,Ｔ,14
903,シャトン,,20,Ｔ,44.5
904,ミューマット,,23,Ｔ,62.5
905,啓紀州上質,,22,Ｔ,53
906,啓Ｖマット,,21,Ｔ,70
907,啓オーロラコート,,21,Ｔ,180
908,啓ｎｐｉ上質,,22,Ｔ,53
909,啓Ｖマット,,21,Ｔ,135
910,啓ありそ,,22,Ｔ,60
911,啓インペリアルマット,,21,Ｔ,180
912,啓雷鳥上質,,22,Ｔ,53
913,プリンス上質,,20,Ｙ,44.5
914,ボンアイボリー,,21,Ｙ,22.5
915,ジェラードＧＡ,スノーホワイト,21,Ｙ,210
916,タント,Ｄ－７０,21,Ｙ,100
917,ＯＫサンドカラー,ホワイト,21,Ｙ,120
918,ペルーラ,スノーホワイト,21,Ｙ,135
919,ユトリロコートグリーン７０,,21,Ｔ,110
920,三菱両アート,,21,Ｔ,135
921,ＯＫコートエコグリーン,,21,Ｔ,110
922,シナールＤＧグロス,,21,Ｙ,90
923,オーロラコート,,23,Ｔ,111
924,日本製紙,ウスベニ,20,Ｔ,50
925,レザック６６,モモ,21,Ｙ,215
926,ＯＫアートポスト,,23,Ｙ,167
927,ユトリロ上質グリーン７０,,20,Ｙ,70.5
928,ＯＫミューズコットン,タンポポ,21,Ｙ,118
929,ユトリロ上質グリーン７０,,20,Ｔ,44.5
930,特アートＳＡ金藤,,23,Ｙ,93.5
931,プリンス上質エコグリーン,,20,Ｔ,44.5
932,クムンドカシミアＦＳ,シロ,21,Ｙ,175
933,タント,Ｇ－５０,21,Ｙ,100
934,ｎｐｉ上質,,23,Ｔ,93.5
935,スタードリーム,オパール,21,Ｔ,209
936,アルトクリームマックス,,20,Ｔ,44
937,エスプリＦＰ,,23,Ｔ,93.5
938,紀州,ワカタケ,20,Ｔ,50
939,プリンス上質エコグリーン,,20,Ｔ,70.5
940,ＯＡペーパー,,35,Ｔ,1
941,日本製紙,キ,20,Ｔ,68.5
942,ヴァンヌーボＶ,スノーホワイト,23,Ｔ,149.5
943,アラベール,スノーホワイト,23,Ｔ,62.5
944,タント,Ｏ－６４,21,Ｙ,100
945,日本製紙,ウグイス,20,Ｔ,50
946,日本製紙,ウグイス,20,Ｔ,42
947,ＮＴほそおり,ナチュラル,21,Ｙ,170
948,紀州,レモン,20,Ｔ,84.5
949,タント,Ｌ－７０,21,Ｙ,180
950,タント,Ｌ－６６,21,Ｙ,100
951,クムンドカシミアＦＳ,シロ,21,Ｔ,175
952,紀州,ミドリ,21,Ｔ,52
953,ヴァンヌーボＶ,スノーホワイト,21,Ｙ,215
954,紀州,ブルー,20,Ｔ,84.5
955,日本製紙,ピュアライトブルー,21,Ｔ,52
956,紀州,コスモス,20,Ｔ,84.5
957,エスプリＦＰ,,21,Ｔ,135
958,紀州,ウグイス,21,Ｔ,68.5
959,レザック６６,オークル,21,Ｙ,175
960,ＪＥＴエースＷ,,23,Ｔ,19
961,レザック６６,ピンク,21,Ｔ,175
962,クロコＧＡ,クロ,21,Ｙ,210
963,キュリアスＩＲポップセット,パール,21,Ｙ,206.5
964,ＯＫマットエコグリーン,,20,Ｙ,44.5
965,オーロラコート,,21,Ｔ,160
966,ウルトラユポＦＥＢ,＃２００,21,Ｔ,1
967,シナールＤＧマット,,20,Ｙ,44
968,シナールＤＧマット,,20,Ｙ,57.5
969,紀州,ヤマプキ,20,Ｔ,42
970,紀州,アカ,20,Ｔ,42
971,紀州,ラベンダー,20,Ｔ,50
972,ジェラードＧＡ,スモークホワイト,21,Ｙ,210
973,タント,Ｂ－１０,21,Ｙ,100
974,ＯＫカイゼル,ワカクサ,21,Ｙ,110
975,ユポＦＧＳ,＃１１０,21,Ｔ,1
976,オーロラコートＬ,,21,Ｔ,55
977,オーロラコートＬ,,21,Ｔ,60
978,ミラーコートＧ,,23,Ｙ,125
979,ミラーコートＧ,,23,Ｙ,93.5
980,シルバーボード,ＨＭ１０４１,21,Ｙ,1
981,ＯＫアートポスト,,21,Ｔ,200
982,レザック６６,ライトグリーン,21,Ｙ,175
983,紀州,ウグイス,21,Ｔ,132
984,マシュマロＣＯＣ,ホワイト,23,Ｙ,125
985,紀州,ミズ,20,Ｔ,112.5
986,紀州,ウグイス,21,Ｔ,66
987,ＧＡボードＦＳ,グレー,21,Ｙ,215
988,クラフトペーパーハーフ,,24,Ｔ,129.5
989,ＪＥＴエースＦ,,29,Ｔ,27
990,タント,Ｎ－５３,21,Ｙ,70
991,タント,Ｎ－５３,21,Ｙ,100
992,紀州,アカ,20,Ｔ,50
993,ボロ,シルバー,21,Ｙ,90
994,アトモス,レッド,21,Ｙ,95
995,紀州,ヤマプキ,21,Ｔ,52
996,タント,Ｖ－５５,21,Ｙ,100
997,ＯＫウルトラアクアサテン,,23,Ｙ,93.5
998,クロコＧＡ,ライトグレー,21,Ｙ,100
999,ビオトープＧＡ,ストーングレー,21,Ｙ,90
1000,フレンチマーブル,グレー,21,Ｙ,90
1001,ヴィンテージゴールド,モス,21,Ｙ,107
1002,リューオーコート,,24,Ｔ,173
1003,上質,,25,Ｙ,26.5
1004,紀州,ソラ,21,Ｔ,107
1005,ＪＥＴスター,,23,Ｙ,24.5
1006,ジェラードＧＡ,ホワイト,21,Ｙ,210
1007,ＯＫフェザーワルツ,ワカクサ,21,Ｙ,120
1008,里紙,セイジ,21,Ｙ,130
1009,ユニテックＧＡ,スノーホワイト,21,Ｙ,130
1010,紀州,リンドウ,21,Ｔ,107
1011,ＯＫＡＣカード,シロ,21,Ｔ,222
1012,紀州,ワカタケ,20,Ｔ,42
1013,Ｖマット,,20,Ｔ,86.5
1014,ＪＥＴエースＦ,,29,Ｔ,53
1015,羊皮紙,クモ,21,Ｙ,160
1016,スノーフィルド,,21,Ｙ,165
1017,ＯＫメタルスウィート,シルバーＢ－１２０,21,Ｙ,1
1018,フレンチマーブル,グレー,21,Ｙ,180
1019,羊皮紙,ユキ,21,Ｙ,160
1020,きらびき,ウスサクラＴ－１００,21,Ｙ,1
1021,ホワイトピーチケント,,23,Ｔ,139
1022,レザック６６,フジ,21,Ｙ,175
1023,紀州,ウスダイダイ,20,Ｔ,68.5
1024,マットポスト,,21,Ｔ,180
1025,ＣＣＰ中葉　４０Ｗ,,20,Ｙ,1
1026,紀州,ビワ,20,Ｔ,84.5
1027,アラベール,スノーホワイト,21,Ｙ,160
1028,レザック６６,コン,21,Ｙ,175
1029,マルウタックアートリベールＳ,弱粘再剥離,27,Ｔ,1
1030,マルウタックアートリベールＳ,弱粘再剥離,27,Ｔ,90
1031,パールコートＰ,,20,Ｔ,57.5
1032,ＯＫミューズコットン,シロ,21,Ｙ,90
1033,紀州,コスモス,21,Ｔ,176
1034,みやぎぬ,スイセン,21,Ｙ,130
1035,新・星物語,パウダー,21,Ｙ,180
1036,かぐや,下弦,21,Ｙ,90
1037,キラキラ,ホワイト,25,Ｔ,1
1038,新局紙,シロ,21,Ｙ,120
1039,紀州,コスモス,21,Ｔ,107
1040,紀州,クリーム,21,Ｔ,66
1041,紀州,キ,21,Ｔ,78
1042,紀州,ミドリ,21,Ｔ,78
1043,紀州,ブルー,21,Ｔ,78
1044,マルウタックアート強粘着,,28,Ｔ,73
1045,マルウタックアート訂正用,,27,Ｔ,73
1046,ユポＦＧＳ,＃１１０,23,Ｔ,1
1047,紀州,フジ,20,Ｔ,68.5
1048,ＢＰコート＃１１０,シロ,21,Ｔ,1
1049,オーパーＦ－１５ＭＤＰ,,20,Ｔ,1
1050,アイベストＷ,,23,Ｙ,13.5
1051,ハンマートーンＧＡ,朱,21,Ｙ,100
1052,ホワイトピーチケント,,23,Ｙ,111
1053,レザック８０つむぎ,キイロ,21,Ｙ,210
1054,紀州,アサギ,21,Ｔ,132
1055,パミス,コソメ,21,Ｙ,200
1056,Ｍｒ，Ｂ,ホワイト,21,Ｙ,135
1057,モフル,キャラメル,21,Ｙ,90
1058,Ｍｒ，Ｂ,ホワイト,21,Ｙ,180
1059,ラフクリーム琥珀,,21,Ｙ,72.5
1060,ｎｐｉ上質,,20,Ｔ,70.5
1061,ボンアイボリー,,23,Ｙ,25
1062,紀州,ヤマブキ,20,Ｔ,50
1063,ＳＡ金藤,,23,Ｙ,93.5
1064,ＳＡ金藤,,23,Ｙ,76.5
1065,ＯＫコートグリーン１００,,20,Ｔ,86.5
1066,紀州,クリーム,21,Ｔ,132
1067,エコ間伐紙,,23,Ｙ,76.5
1068,日本製紙,フジ,20,Ｔ,50
1069,日本製紙,ピュアカナリア,21,Ｔ,132
1070,日本製紙,フジ,21,Ｔ,132
1071,紀州,フジ,20,Ｔ,50
1072,きぬもみ,シラチャ,21,Ｙ,220
1073,タント,Ｎ－１３,21,Ｙ,100
1074,タント,Ｙ－５,21,Ｙ,100
1075,レザック６６,アーモンド,21,Ｙ,215
1076,紀州,オレンジ,20,Ｔ,107
1077,Ｖマット,,23,Ｙ,48.5
1078,タント,Ｐ－６０,21,Ｔ,100
1079,はまゆう,,23,Ｙ,27
1080,紀州,オレンジ,21,Ｔ,176
1081,フレンチマーブル,ローズ,21,Ｙ,180
1082,きらびき,ＰＬ－１３５シロ,23,Ｙ,1
1083,Ｍｒ，ＡＦ,オフホワイト,21,Ｙ,180
1084,Ｍｒ，ＡＦ,オフホワイト,23,Ｔ,125
1085,ＮＴラシャ,シルバー,21,Ｙ,100
1086,エアラス,ホワイト,21,Ｙ,120
1087,紀州,ソラ,21,Ｔ,78
1088,紀州,コスモス,21,Ｔ,78
1089,白柳－ＦＳ,,21,Ｙ,73
1090,ユポＦＲＢＷ,＃３００,23,Ｔ,1
1091,ユポＦＲＢＷ,＃１５０,23,Ｔ,1
1092,ＯＫミューズキララ,ホワイト,21,Ｙ,170
1093,里紙,トキ,21,Ｙ,130
1094,新だん紙,シロ,21,Ｙ,130
1095,紀州,ビワ,21,Ｔ,107
1096,シナールＤＧマット,,23,Ｔ,62.5
1097,啓ありそ,,21,Ｔ,62
1098,スーパーユポＦＲＢＷ,＃１３０,23,Ｔ,1
1099,ユポＦＲＢＷ,＃２００,21,Ｔ,1
1100,プリンス上質エコグリーン,,20,Ｙ,57.6
1101,紀州,ラベンダー,21,Ｔ,66
1102,タント,Ｂ－１１,21,Ｙ,100
1103,新だん紙,ユキ,21,Ｙ,110
1104,里紙,ツユ,21,Ｙ,130
1105,マルウタックアート,,28,Ｔ,73
1106,ジェラードＧＡ,ナチュラル,21,Ｙ,130
1107,ＯＫフェザーワルツ,しんじゅ,21,Ｙ,120
1108,ビルカラー,ユキ,21,Ｙ,150
1109,里紙,ビワ,21,Ｙ,130
1110,啓プリンス上質,,22,Ｔ,53
1111,スノーペトル,ホワイト,21,Ｙ,80
1112,啓ユトリロ上質,,22,Ｔ,53
1113,レザック６６,ミズイロ,21,Ｙ,175
1114,白銀,,23,Ｙ,30
1115,Ａカード＃２５０,ナチュラル,21,Ｔ,1
1116,ＯＫフェザーワルツ,シンジュ,21,Ｙ,120
1117,Ａカード＃２００,ナシ,21,Ｔ,180
1118,ハンマートーンＧＡ,スノーホワイト,21,Ｙ,210
1119,タント,Ｈ－５０,21,Ｙ,100
1120,オペラクリーム,,21,Ｙ,70
1121,紀州,リンドウ,21,Ｔ,66
1122,タント,Ｎ－６３,21,Ｙ,100
1123,ラフクリーム琥珀,,20,Ｔ,39.5
1124,ビオトープＧＡ－ＦＳ,マゼランブルー,21,Ｙ,120
1125,ラフクリーム琥珀,,21,Ｙ,62
1126,アイベストＷ,,21,Ｔ,19.5
1127,啓ありそ,,25,Ｙ,30
1128,レザック６６,ピンク,21,Ｙ,130
1129,ＯＫアートポスト,,23,Ｔ,139
1130,紀州,モエギ,21,Ｔ,176
1131,彩美カード,淡クリーム,21,Ｔ,220
1132,フリッター,ホワイト,21,Ｙ,180
1133,リベロ,ピュア,21,Ｙ,70
1134,ハンマートーンＧＡ,セイジ,21,Ｙ,100
1135,羊皮紙,ユキ,21,Ｙ,110
1136,奉書　白鶴,,21,Ｙ,60
1137,紀州ラップ,,24,Ｔ,65
1138,瑞穂特白仙貨紙,№６５７１,21,Ｔ,60
1139,ハンマートーンＧＡ,セイジ,21,Ｙ,80
1140,紀州,キ,20,Ｔ,33
1141,レザック８０つむぎ,コウゾ,21,Ｙ,210
1142,紀州,シラチャ,21,Ｔ,78
1143,い織り,プラチナホワイト,21,Ｙ,170
1144,ダイヤペーク,,21,Ｔ,180
1145,タント,Ｓ－６,21,Ｙ,100
1146,タント,Ｎ－９,21,Ｙ,100
1147,シナールＤＧグロス,,20,Ｙ,86.5
1148,パルコート,,20,Ｙ,86.5
1149,ＯＫミューズコットン,クリーム,21,Ｙ,180
1150,レザック６６,ライトグリーン,21,Ｙ,260
1151,ＯＫＡＣカード＃２５０,淡クリーム,21,Ｔ,222
1152,ＯＫミューズコットン,ソラ,21,Ｙ,118
1153,パールコート,,20,Ｙ,86.5
1154,きぬもみ,シロ,21,Ｙ,90
1155,きぬもみ,シロ,21,Ｙ,115
1156,ボス,タマゴ,21,Ｙ,110
1157,マーメイド,ツユ,21,Ｙ,110
1158,紀州,ウスダイダイ,20,Ｔ,84.5
1159,紀州,ウスダイダイ,21,Ｔ,132
1160,白柳,シロ,21,Ｙ,90
1161,日本製紙,ワカクサ,20,Ｔ,50
1162,ユポＦＧＳ,＃８０,21,Ｔ,1
1163,マルウタックキャストコート,,23,Ｔ,73
1164,紀州,サクラ,21,Ｔ,107
1165,白柳－ＦＳ,シロ,21,Ｙ,90
1166,レザック８０つむぎ,ベニ,21,Ｙ,170
1167,モデラトーンＧＡ,ナチュラル,21,Ｙ,1
1168,ｂ７バルキー,,20,Ｔ,46.5
1169,マットカラーＨＧ,ホワイト,21,Ｔ,223.5
1170,タント,Ｌ－６７,21,Ｙ,100
1171,レザック６６,チャコール,21,Ｙ,175
1172,紀州,ワカクサ,20,Ｔ,50
1173,マットカラーＨＧ,ホワイト,23,Ｔ,155
1174,レザック６６,ネズミ,21,Ｙ,175
1175,エアラス,スーパーホワイト,21,Ｔ,120
1176,紀州,ウスダイダイ,20,Ｔ,50
1177,レザック８０つむぎ,ヒワ,21,Ｙ,210
1178,里紙,アズキ,21,Ｙ,100
1179,アイベストＷ,,23,Ｔ,13.5
1180,レザック８０つむぎ,キヌ,21,Ｙ,210
1181,Ｖマット,,21,Ｔ,180
1182,Ｖマット,,23,Ｔ,125
1183,紀州,アサギ,20,Ｔ,84.5
1184,ＴＳギフト－１,ホワイト,21,Ｙ,200
1185,ＴＳ－１,Ｒ－５,21,Ｙ,100
1186,ＯＫカイゼル,コイネズ,21,Ｙ,80
1187,ＮＴラシャ,にぶ空,21,Ｙ,100
1188,タント,Ｄ－５２,21,Ｙ,100
1189,オペラホワイトマックス,,20,Ｔ,39.5
1190,日本製紙,ビュアピンク,21,Ｔ,52
1191,啓ユトリロ上質,,23,Ｔ,53
1192,新局紙,コソメ,21,Ｙ,100
1193,新局紙,シロ,21,Ｙ,100
1194,ｂ７トラネクスト,シロ,21,Ｙ,71.5
1195,ソフトバルキー　スメ入り,アイボリー,21,Ｙ,90
1196,ヴァンヌーボＶＧ,ホワイト,21,Ｙ,130
1197,新だん紙,ユキ,21,Ｙ,135
1198,琥珀,,36,Ｙ,36.5
1199,シナールＤＧグロス,,21,Ｙ,36.5
1200,コクヨワープロラベル,タイ－２１１１Ｎ－Ｗ,1,Ｔ,1
1201,シルバーダイヤＳ,,20,Ｙ,57.5
1202,レザック６６,スカイ,21,Ｙ,215
1203,エスプリＷ,,21,Ｔ,220
1204,新バフン紙,クモ,21,Ｙ,120
1205,エスプリＷ,,23,Ｙ,125
1206,日本製紙,ウグイス,20,Ｔ,33
1207,ビオトープＧＡ－ＦＳ,ミッドナイトブルー,21,Ｙ,210
1208,ビオトープＧＡ－ＦＳ,モスグリーン,21,Ｙ,210
1209,ジャンフェルト,シロ,21,Ｙ,130
1210,レザック８０つむぎ,コウゾ,21,Ｙ,120
1211,新だん紙,コイネズ,21,Ｙ,110
1212,テンカラーエンボス皮しぼ,ジュンパク,21,Ｙ,260
1213,レザック８０つむぎ,シロ,21,Ｙ,210
1214,タント,Ｇ－７２,21,Ｙ,100
1215,ＯＫサンドカラー,ナス,21,Ｙ,120
1216,ＯＫミューズコットン,アオ,21,Ｙ,118
1217,ＪＥＴエースＦ,,29,Ｔ,35
1218,パールコートＰ,,23,Ｔ,76.5
1219,晒片艶クラフト紙晒竜王Ｗ,,24,Ｔ,140
1220,グラフィーＣｏＣ,ナチュラルＧＳ,23,Ｙ,132
1221,新だん紙,シロ,21,Ｙ,160
1222,ＯＫミューズコットン,コンジョウ,21,Ｙ,118
1223,瑞穂　光梅,２００５フジ,21,Ｙ,1
1224,瑞穂　光梅,２１０３モモ,21,Ｙ,1
1225,琥珀,,22,Ｔ,55
1226,ＪＥＴエースＷ,,29,Ｔ,35
1227,紀州,キ,20,Ｔ,50
1228,紀州,シラチャ,20,Ｔ,50
1229,紀州,モモ,21,Ｔ,176
1230,瑞穂　光梅,２１０４フジ,21,Ｙ,1
1231,晒片艶クラフト紙晒竜王Ｗ,,24,Ｔ,151
1232,キンマリＳＷ,,20,Ｙ,86.5
1233,パールコート,,23,Ｙ,76.5
1234,かぐや,上弦,21,Ｙ,90
1235,ユポＦＲＢＷ,＃１１０,23,Ｔ,1
1236,シナールＤＧグロス,,25,Ｙ,36.5
1237,マルウタックアート,,27,Ｔ,1
1238,ＮＴラシャ,濃あい,21,Ｙ,130
1239,ＮＴラシャ,濃松葉,21,Ｙ,130
1240,パールコートＰ,,23,Ｙ,76.5
1241,紀州,ヤマブキ,21,Ｔ,107
1242,ケンラン,クロ,21,Ｔ,360
1243,レザック８０つむぎ,ソラ,21,Ｙ,210
1244,Ａカード＃２５０,ソラ,21,Ｔ,225
1245,ＨＫＳアイボリー,,23,Ｔ,27.5
1246,ＨＳＫアイボリー,,23,Ｔ,27.5
1247,レザック６６,ダイダイ,21,Ｙ,175
1248,ＮＥＷウルトラＨ,,23,Ｙ,19.5
1249,レザック６６,アオタケ,21,Ｙ,260
1250,レザック８０つむぎ,ベニ,21,Ｙ,210
1251,里紙,スミ,21,Ｙ,100
1252,ＮＴほそおり,スノーホワイト,21,Ｙ,130
1253,ＮＴラシャ,コイミドリ,21,Ｙ,130
1254,紀州,リンドウＮ,20,Ｔ,42
1255,ＣＣＰ中葉　６０Ｗ,,2,Ｔ,1
1256,シルバーダイヤＳ,,20,Ｙ,70.5
1257,ＣＣＰ中葉　６０Ｗ,,25,Ｔ,1
1258,紀州,プルー,21,Ｔ,107
1259,啓ホワイトニューＶマット,,21,Ｔ,135
1260,こざと,夕凪,21,Ｙ,90
1261,テーラー,シロ,21,Ｙ,68.5
1262,レザック６６,ボタン,21,Ｙ,215
1263,新だん紙,セイジ,21,Ｙ,160
1264,ＯＫミューズコットン,ウメチャ,21,Ｙ,118
1265,琥珀,,22,Ｔ,60
1266,和紙　栄光紙,シロ№６７７,21,Ｔ,1
1267,和紙　栄光紙,肌№６７８,21,Ｔ,1
1268,奉書紙特白,№６３７８,21,Ｔ,60
1269,新だん紙,キナリ,21,Ｙ,160
1270,ボンアイボリー,,21,Ｔ,22.5
1271,紀州,フジ,21,Ｔ,78
1272,ＭＩＣＲ用紙,,1,Ｔ,33.1
1273,レザック６６,ミント,21,Ｙ,175
1274,新だん紙,クリーム,21,Ｙ,160
1275,日本製紙,ミドリ,20,Ｔ,68.5
1276,日本製紙,フジ,20,Ｔ,42
1277,新草木染,スズメ色,21,Ｔ,47.5
1278,ウルトラユポＦＥＢ,＃１３０,21,Ｔ,1
1279,薄模造,金華,21,Ｔ,30
1280,ユトリロ上質,,22,Ｙ,26.5
1281,ＯＫトップコート,,20,Ｙ,70.5
1282,紀州,ソラ,20,Ｔ,50
1283,紀州,シラチャ,20,Ｔ,84.5
1284,ボンアイボリー,,21,Ｙ,31
1285,瑞穂雲竜大礼紙クリーム,＃３００２,21,Ｙ,1
1286,紀州,ビワ,20,Ｔ,121.5
1287,三菱両アート,,20,Ｙ,57.5
1288,エスプリＶ,,21,Ｔ,210.5
1289,レザック６６,ダイダイ,21,Ｔ,175
1290,パールコートＰ,,21,Ｔ,90
1291,レザック６６,アボガド,21,Ｙ,130
1292,マーメイド,ソラ,21,Ｙ,153
1293,紀州,ラベンダー,20,Ｔ,84.5
1294,紀州,ラベンダー,20,Ｔ,42
1295,ＯＫミューズコットン,あおふじ,21,Ｙ,118
1296,雲竜荒目,シロ,23,Ｙ,45.5
1297,雷鳥上質,,23,Ｔ,38
1298,ＯＫ金藤プラス,,20,Ｙ,57.5
1299,レザック６６,サクラ,21,Ｙ,210
1300,紀州,アサギ,21,Ｔ,66
1301,レザック６６,グリーン,21,Ｙ,175
1302,レザック６６,サクラ,21,Ｙ,215
1303,紀州,レモン,20,Ｙ,68.5
1304,タント,Ｓ－３,21,Ｙ,100
1305,紀州,ビワ,20,Ｔ,112.5
1306,紀州,オレンジ,21,Ｔ,1
1307,雷鳥上質,,21,Ｔ,55
1308,紀州,ウグイス,20,Ｔ,112.5
1309,紀州,ウグイス,20,Ｔ,1
1310,レザック８０つむぎ,スイセン,21,Ｙ,210
1311,紀州,ギンネズミ,21,Ｔ,52
1312,紀州,サーモン,20,Ｔ,121.5
1313,Ａカード＃２００,ソラ,21,Ｔ,180
1314,ユポＦＲＢＷ,＃１１０,20,Ｔ,1
1315,紀州,サーモン,20,Ｔ,112.5
1316,モデラトーンＧＡ,スノー,21,Ｙ,210
1317,レザック６６,クリーム,21,Ｙ,215
1318,紀州,ワカクサ,21,Ｔ,52
1319,紀州,レモン,20,Ｔ,50
1320,アラベール,スノーホワイト,23,Ｔ,111
1321,晒竜王Ｗ,,24,Ｔ,151
1322,紀州,ソラ,21,Ｔ,176
1323,訂正用上質タック,Ｓ－１,27,Ｔ,70
1324,ユトリログロスマットＮ,,21,Ｔ,110
1325,ユトリログロスマット,,21,Ｔ,110
1326,ピーチケント,,23,Ｙ,125
1327,瑞穂　平成　№３３１４,ネズミ,21,Ｙ,1
1328,クラシコトレス,,20,Ｔ,96
1329,ＯＫ金藤プラス,,23,Ｙ,62.5
1330,タント,Ｎ－９,21,Ｙ,180
1331,ｂ７トラネクスト,,20,Ｙ,63
1332,ＯＫミューズコットン,アオフジ,21,Ｙ,118
1333,ＯＫミューズコットン,アオフジ,20,Ｙ,57.5
1334,偽造防止用紙,Ａ４,1,Ｔ,1
1335,シナールＤＧグロス,,20,Ｔ,86.5
1336,ｂ７バルキー,,22,Ｔ,70.5
1337,ルミネッセンス,マキシマムホワイト,23,Ｙ,153
1338,ＮＴラシャ,スノーホワイト,23,Ｙ,69.5
1339,ＮＴラシャ,うすはなだ,21,Ｙ,100
1340,シナールＤＧグロス,,23,Ｔ,135
1341,かぐや,たちまち,21,Ｙ,170
1342,サガンＧＡ,ヤマブキ,21,Ｙ,100
1343,ファーストヴィンテージ,アッシュ,21,Ｙ,86
1344,晒クラフト,,21,Ｔ,60
1345,ＮＴほそおりＧＡ,ナチュラル,21,Ｙ,170
1346,レザック８０つむぎ,ヒスイ,21,Ｙ,170
1347,ｂ７トラネクスト,,20,Ｔ,45.5
1348,テイクＧＡ－ＦＳ,,23,Ｔ,76.5
1349,テイクＧＡ－ＦＳ,,21,Ｔ,110
1350,テイクＧＡ－ＦＳ,,21,Ｔ,135
1351,ユトリロ上質,,20,Ｙ,44.5
1352,タント,Ｄ－６１,21,Ｙ,70
1353,コメカミ,ナチュラル,23,Ｙ,93.5
1354,はまゆう,,21,Ｔ,34.5
1355,ＪＥＴエースＦ,,29,Ｔ,31
1356,日本製紙,ブルー,20,Ｔ,68.5
1357,五感紙荒目,ルリ,21,Ｙ,135
1358,五感紙荒目,アサギ,21,Ｙ,135
1359,日本製紙,ビュアピンク,20,Ｔ,42
1360,大王製紙,シロ,20,Ｔ,84.5
1361,大王製紙,シロ,20,Ｔ,68.5
1362,パールコートＰ,,20,Ｙ,86.5
1363,三菱両アート,,20,Ｙ,86.5
1364,ＯＫ金藤プラス,,23,Ｙ,93.5
1365,シナールＤＧグロス,,23,Ｙ,57.5
1366,シャトン,,23,Ｙ,35
1367,里紙,ウコン,21,Ｙ,100
1368,リ・シマメ,ウルトラホワイト,21,Ｙ,180
1369,レザック６６,ゾウゲ,21,Ｙ,175
1370,マルウタック上質訂正用,,27,Ｔ,70
1371,里紙,キナリ,21,Ｙ,130
1372,タント,Ｓ－７,21,Ｙ,180
1373,ＮＴラシャ,ウスハナダ,21,Ｙ,100
1374,レザック８０つむぎ,モエギ,21,Ｙ,170
1375,ラフクリーム琥珀,,21,Ｙ,66.5
1376,紀州,ミドリ,20,Ｔ,84.5
1377,紀州,晒クラフト,24,Ｔ,75.5
1378,紀州,ソクラ,20,Ｔ,68.5
1379,紀州,ウスダイタイ,20,Ｔ,68.5
1380,レザック６６,ムラサキ,21,Ｙ,175
1381,紀州,アマリリス,20,Ｔ,68.5
1382,紀州,アマリリス,20,Ｔ,33
1383,啓ありそ,,20,Ｔ,60
1384,ＯＫミューズコットン,モモ,21,Ｙ,118
1385,雷鳥上質,,21,Ｔ,70
1386,レザック８０つむぎ,ウスズミ,21,Ｙ,210
1387,里紙,アンズ,21,Ｙ,130
1388,ジェラードＧＡ,ホワイト,21,Ｙ,130
1389,ＮＴラシャ,グレー１０,21,Ｙ,210
1390,ＮＴラシャ,にぶ緑,21,Ｙ,100
1391,里紙,ユキ,21,Ｙ,100
1392,江戸小染うろこ,シロ,21,Ｙ,175
1393,しこくてんれい,,21,Ｔ,135
1394,ｂ７トラネクスト,,21,Ｔ,86
1395,紀州晒クラフト,,24,Ｔ,129
1396,プリンス上質,,23,Ｔ,38
1397,ＯＫマットコートグリーン１００,,20,Ｙ,44.5
1398,シナールプレミアム上質,,23,Ｙ,38
1399,みやぎぬ,スイセン,21,Ｙ,200
1400,里紙,ショウブ,21,Ｙ,130
1401,ＯＫカイゼル,シロ,21,Ｙ,100
1402,ＯＫカイゼル,シロ,21,Ｙ,110
1403,ＯＫＡＣカード＃２５０,濃クリーム,21,Ｔ,222
1404,ＯＫＡＣカード＃２５０,ウスミズ,21,Ｔ,222
1405,紀州,モモ,20,Ｔ,84.5
1406,ＮＴラシャ,ウスネズ,21,Ｙ,210
1407,タント,Ｄ－７０,21,Ｙ,70
1408,タント,Ｇ－６３,21,Ｙ,100
1409,紀州,レモン,23,Ｙ,84.5
1410,紀州,キ,21,Ｔ,107
1411,ハンマートーンＧＡ,プラチナホワイト,21,Ｙ,170
1412,ポルカ,ソーダ,21,Ｙ,80
1413,モデラトーンＧＡ,エキストラホワイト,21,Ｙ,135
1414,新局紙,シロ,21,Ｙ,80
1415,紀州,ワカクサ,20,Ｔ,33
1416,紀州,レモン,20,Ｙ,84.5
1417,紀州,ミズ,21,Ｔ,132
1418,マーメイド,タマゴ,21,Ｙ,115
1419,ＮＴラシャ,グンジョウ,21,Ｙ,130
1420,シルバーダイヤＳ,,20,Ｙ,44.5
1421,日本製紙,ピュアライトブルー,20,Ｔ,68.5
1422,Ｖマット,,23,Ｔ,48.5
1423,マルウタックアート強粘着,,27,Ｔ,73
1424,紀州,ウグイス,20,Ｙ,42
1425,アラベール,ホワイト,23,Ｙ,111
1426,紀州,アイボリー,20,Ｔ,50
1427,北雪ケントＣｏＣ,,23,Ｙ,125
1428,紀州,アサギ,21,Ｔ,52
1429,紀州,モエギ,21,Ｔ,52
1430,北雪ケンＣｏＣ,,23,Ｙ,125
1431,Ｍｒ，Ｂ,スーパーホワイト,21,Ｙ,135
1432,新だん紙,しんく,21,Ｙ,110
1433,ダイヤボード,ＨＭ２０１５,21,Ｙ,1
1434,ファーストヴィンテージ,カシミヤ,21,Ｙ,206
1435,タント,Ｓ－８,21,Ｙ,100
1436,紀州,サーモン,21,Ｔ,107
1437,－－－－－－－－－－,－－－－－－－－－－,21,Ｔ,80
1438,パールコート,ＦＳＣ認証,23,Ｙ,93.5
1439,マーメイド,シロ,21,Ｙ,135
1440,玉しき,シロ,21,Ｙ,90
1441,ビルカラー,雪,21,Ｙ,150
1442,紀州,ミズ,21,Ｔ,66
1443,玉しきみずたま,シロ,21,Ｙ,90
1444,レザック８０つむぎ,よもぎ,21,Ｙ,210
1445,Ａカード＃３５０,ワカクサ,21,Ｔ,1
1446,はまゆう,,21,Ｔ,38.5
1447,紀州,シラチャ,21,Ｔ,66
1448,Ｍｒ，Ｂ,スーパーホワイト,23,Ｙ,76.5
1449,タント,Ｅ－６,21,Ｙ,100
1450,紀州,ブルー,21,Ｔ,66
1451,紀州,レモン,21,Ｔ,66
1452,紀州,ワカタケ,21,Ｔ,66
1453,紀州,ハダ,20,Ｔ,42
1454,北雪ケントＣｏＣ,,21,Ｔ,265
1455,紀州,ウスダイダイ,20,Ｔ,42
1456,紀州,ヤマブキ,20,Ｔ,132
1457,ホワイトニューＶマット,,20,Ｔ,70.5
1458,ｂ７トラネクスト,,20,Ｔ,55
1459,ｂ７トラネクスト,,23,Ｙ,59.5
1460,紀州,ウグイス,20,Ｔ,84.5
1461,紀州,ブルー,20,Ｔ,50
1462,紀州,ヤマブキ,21,Ｔ,78
1463,タント,Ｙ－１０,21,Ｙ,100
1464,羊皮紙,キナリ,21,Ｙ,80
1465,レザック８０つむぎ,モモ,21,Ｙ,210
1466,里紙,クリ,21,Ｙ,130
1467,もみがみ,シロ,21,Ｙ,100
1468,シャイナー,ユキ,21,Ｙ,120
1469,大王色上質,シロ,21,Ｔ,107
1470,ハンマートーンＧＡ,キミドリ,21,Ｙ,100
1471,Ａカード＃４００,濃クリーム,21,Ｔ,360
1472,フリューサンド,シロ,21,Ｔ,32
1473,きぬもみ,ユキ,21,Ｙ,220
1474,もみがみ,シロ,21,Ｙ,110
1475,里紙,イネ,21,Ｙ,100
1476,Ａカード＃２００,ナチュラル,21,Ｙ,72
1477,Ａカード＃２００,ナチュラル,32,Ｙ,180
1478,Ａカード＃１５０,,22,Ｙ,12.5
1479,Ａカード＃１５０,,20,Ｔ,1
1480,Ａカード,,20,Ｔ,1
1481,Ａカード,,20,Ｔ,11.5
1482,Ａカード,,20,Ｔ,12.5
1483,紀州,アイボリー,21,Ｔ,107
1484,日本製紙,ウスベニ,21,Ｔ,78
1485,ｎｐｉ上質,,20,Ｔ,70
1486,ファーストヴィンテージ,カシミア,21,Ｙ,206
1487,ＮＴストライプＧＡ,ライトグレー,21,Ｙ,130
1488,しこくてんれい,シロ,21,Ｔ,60
1489,ミラーコートＧ,,21,Ｔ,135
1490,Ｖマット,,21,Ｙ,135
1491,ＯＫフェザーワルツ,ユキ,21,Ｙ,170
1492,星高奉書紙,特白,21,Ｔ,60
1493,Ａカード＃１５０,ナチュラル,21,Ｔ,135
1494,Ａカード,,23,Ｔ,1
1495,ホワイトニューＶマット,,3101,Ｔ,76.5
1496,アルトクリームマックス,,33,Ｔ,55
1497,ホワイトニューＶマット,,53,Ｔ,76.5
1498,パミス,ユキ,21,Ｙ,200
1499,白銀,,53,Ｙ,30
1500,紀州,サクラ,21,Ｔ,78
1501,ＢＰコート＃１１０,クリーム,21,Ｔ,1
1502,シコクコピー,,33,Ｔ,22
1503,紀州,ラベンダー,21,Ｔ,107
1504,北雪ケントＣｏＣ,,21,Ｔ,225
1505,北雪ケント,,31,Ｙ,155
1506,ｎｐｉ上質,,33,Ｙ,86.5
1507,シナールＤＧグロス,,33,Ｙ,86.5
1508,マットポスト,,31,Ｙ,153
1509,プリンス上質エコグリーン,,33,Ｙ,35
1510,ｂ７トラネクスト,,21,Ｙ,71.5
1511,ラフクリーム琥珀,,20,Ｔ,57.5
1512,ＮＴラシャ,無垢,21,Ｙ,210
1513,ＮＴラシャ,無垢,21,Ｙ,130
1514,紀州,ミズ,20,Ｙ,50
1515,ＯＫＡＣカード＃３５０,ウスクサ,21,Ｔ,315
1516,マルウタック上質強粘着,,41,Ｔ,70
1517,ルミネッセンス,ニュートラルホワイト,21,Ｙ,220
1518,ＮＴラシャ,シロ,21,Ｙ,100
1519,ファーストヴィンテージ,ユキ,21,Ｙ,69
1520,アラベール,スノーホワイト,21,Ｙ,130
1521,ｂ７トラネクスト,,22,Ｔ,62
1522,ユニテックＧＡ,ホワイト,21,Ｙ,130
1523,ユポタックＦＲＢ,ウラＳ１本,35,Ｔ,110
1524,ユポＦＥＢ,＃１１０,21,Ｔ,1
1525,マルウタックアート,ウラＳ３本,41,Ｔ,73
1526,啓オーロラコート,,23,Ｙ,125
1527,ホワイトニューＶマット,,31,Ｔ,76.5
1528,ＢＰコート＃１１０,ピンク,21,Ｔ,1
1529,ＯＫＡＣカード,ウスクサ,21,Ｔ,306
1530,ＷＰＨＯ,,33,Ｔ,115
1531,ありそ,,25,Ｙ,30
1532,ファーストヴィンテージ,ベージュ,21,Ｙ,69
1533,ユポＦＥＢＧ＃１１０,,21,Ｔ,1
1534,ユポタックＦＥＢＧ＃１３０,,21,Ｔ,1
1535,啓オーロラコート,,31,Ｙ,125
1536,ｂ７トラネクスト,,22,Ｔ,83
1537,レザック８０つむぎ,炎色,21,Ｙ,120
1538,ＯＫミューズガリバー,,31,Ｔ,93.5
1539,タント,Ｌ－５０,21,Ｙ,100
1540,特菱アート両面Ｎ,,21,Ｔ,135
1541,ＯＫ金藤,,23,Ｙ,62.5
1542,ＯＫ金藤,,23,Ｙ,93.5
1543,サテン金藤,,23,Ｙ,62.5
1544,サテン金藤,,23,Ｙ,111
1545,ＯＫコートＮエコグリーン,,21,Ｔ,110
1546,パ－ルコートＦＳＣ－Ｍ,,23,Ｙ,43.5
1547,シナールＤＧマットコート,,20,Ｙ,44.5
1548,シナールＤＧマットコート,,20,Ｙ,57.5
1549,シナールＤＧマットコート,,23,Ｔ,62.5
1550,マットエコグリーン,,20,Ｙ,70.5
1551,マットエコグリーン,,20,Ｙ,57.5
1552,マットエコグリーン,,20,Ｙ,44.5
1553,マットコートエコグリーン１００,,20,Ｙ,44.5
1554,ｎｐｉ上質,,23,Ｙ,38.5
1555,ｎｐｉ上質グリーン７０,,23,Ｙ,93.5
1556,ありそ,,20,Ｙ,30
1557,ｂ７ナチュラル,,21,Ｔ,86.5
1558,ｂ７バルキー,,20,Ｔ,57.5
1559,ｂ７バルキー,,20,Ｔ,70.5
1560,琥珀,,20,Ｔ,40
1561,琥珀,,21,Ｔ,60
1562,琥珀,,21,Ｔ,55
1563,ロッキー,,20,Ｔ,35
1564,ＡライトスタッフＧＡ－ＦＳ,スノーホワイト,23,Ｙ,76.5
1565,Ａカード＃３５０,ワカクサ,21,Ｔ,315
1566,ＢＰコート＃１１０,アサギ,21,Ｔ,1
1567,ＢＰコート＃１１０,ウグイス,21,Ｔ,1
1568,ＯＫＡＣカード,ウスミズ,21,Ｔ,222
1569,ＯＫＡＣカード,ウスクリーム,21,Ｔ,222
1570,ＯＫＡＣカード,濃クリーム,21,Ｔ,222
1571,ＯＫＡＣカード,ハダ,21,Ｔ,264
1572,ＪＥＴエースＦ,,23,Ｔ,37
1573,ＪＥＴエースＷＦ,,23,Ｔ,19
1574,ＪＥＴエースＦ,,23,Ｔ,53
1575,ＪＥＴエースＦ,,23,Ｔ,48.5
1576,ＪＥＴエースＦ,,23,Ｔ,35
1577,ＪＥＴエースＦ,,23,Ｔ,27
1578,ＪＥＴエース,,23,Ｔ,31
1579,Ｍｒ．Ｂ,ホワイト,23,Ｙ,93.5
1580,Ｍｒ．Ｂ,ホワイト,23,Ｔ,93.5
1581,Ｍｒ．Ｂ,スーパーホワイト,23,Ｔ,76.5
1582,ＮＴラシャ,スノーホワイト,21,Ｙ,190
1583,ＮＴラシャ,ウスクリーム,21,Ｙ,100
1584,ＮＴストライプ,ライトグレー,21,Ｙ,130
1585,Ｍｒ．Ａ,オフホワイト,21,Ｙ,180
1586,Ｍｒ．Ｂ,ホワイト,21,Ｙ,135
1587,ＫＫ帳簿用紙,,23,Ｙ,62.5
1588,ＰＨＯ,,21,Ｙ,175
1589,アラベール,ホワイト,23,Ｔ,111
1590,ヴァンヌーボＶ,ホワイト,23,Ｙ,73
1591,ヴァンヌーボＦ,ホワイト,23,Ｙ,125
1592,エスプリＦＰ,,21,Ｔ,90
1593,エスプリＶＮ,,21,Ｔ,210.5
1594,エスプリＷ,,21,Ｙ,220
1595,エスプリＶＷ,,23,Ｙ,125
1596,エスプリＷ,,23,Ｔ,93.5
1597,エスプリコートＳＳＣＯＣ,,23,Ｙ,153
1598,エンボス梨地,,23,Ｙ,62.5
1599,グッピーラップ,グリーン,23,Ｔ,41.5
1600,グッピーラップ,ブルー,23,Ｔ,41.5
1601,サーブル,スノーホワイト,21,Ｙ,130
1602,サーブル,スノーホワイト,21,Ｙ,190
1603,ザ・ポスター,,23,Ｔ,130
1604,シェルリンプレーン,,21,Ｙ,180
1605,タイオーアトラス,,24,Ｔ,65
1606,ナポレン,ホワイト,21,Ｙ,175
1607,ビューコロナ,,20,Ｔ,25.9
1608,フレンチ,パンチナチュラル,20,Ｔ,92
1609,フレンチ,マーブルローズ,21,Ｔ,180
1610,ホワイトピーチケント,,21,Ｔ,110
1611,ホワイトピーチケント,,23,Ｙ,93.5
1612,マーメイド,シラチャ,21,Ｙ,110
1613,ミラーコートＰ,,23,Ｙ,76.5
1614,ミラーコートＰ,,21,Ｔ,200
1615,ユポＦＧＳ＃２００,,23,Ｔ,1
1616,ユポＦＧＳ＃２００,,21,Ｔ,1
1617,ユポＦＧＳ＃２５０,,21,Ｔ,1
1618,ユポＦＧＳ＃６０,,21,Ｔ,1
1619,ユポＦＥＢＧ＃１３０,,21,Ｔ,1
1620,里紙,クリ,21,Ｙ,100
1621,白柳,,21,Ｙ,90
1622,特白仙貨紙№６５７１,,21,Ｔ,60
1623,白銀,,21,Ｔ,34.5
1624,奉書紙特白№６３７６,,21,Ｔ,51.5
1625,奉書紙自然色№６３８３,,21,Ｔ,51.5
1626,奉書紙自然色№６３８５,,21,Ｔ,60
1627,奉書紙特白№６３７９,,21,Ｙ,60
1628,ＫＳＹ奉書紙しろたえ,,21,Ｙ,45
1629,しこくてんれい,シロ,21,Ｔ,62.5
1630,紀州,アイボリー,20,Ｔ,121.5
1631,紀州,ウグイス,21,Ｔ,134
1632,紀州,クリーム,21,Ｔ,134
1633,紀州,クリーム,20,Ｔ,121.5
1634,紀州,コスミテ,20,Ｔ,84.5
1635,紀州,ハダ,20,Ｔ,121.5
1636,紀州,モエギ,20,Ｔ,33
1637,紀州,ワカタケ,20,Ｔ,121.5
1638,大王製紙,シロ,21,Ｔ,84.5
1639,大王製紙,ハダ,20,Ｔ,68.5
1640,大王製紙,シラチャ,20,Ｔ,33
1641,大王製紙,シラチャ,20,Ｔ,42
1642,ＮＴラシャ,ネズミ,21,Ｙ,210
1643,ＮＴラシャ,アサギ,21,Ｙ,100
1644,ＮＴラシャ,タバコ,21,Ｙ,100
1645,ＮＴラシャ,スノーホワイト,21,Ｙ,130
1646,ＯＫミューズガリバーエクストラ,ホワイトＳ,21,Ｙ,110
1647,Ｖマット,,20,Ｙ,62.5
1648,ｎｐｉ上質,,22,Ｔ,55
1649,しこくてんれい,ウスチャ,21,Ｔ,90
1650,エスプリＶＮ,,23,Ｔ,200
1651,サーブル,スノーホワイト,21,Ｔ,190
1652,タント,Ｎ－６５,21,Ｙ,100
1653,タント,Ｒ－５,21,Ｙ,100
1654,パールコート,,21,Ｙ,135
1655,パールコートＰ,,23,Ｔ,62
1656,ホワイトニューＶマット,,23,Ｔ,76.5
1657,ホワイトピーチケント,,23,Ｔ,93.5
1658,ライトスタッフＧＡ－ＦＳ,,21,Ｙ,110
1659,紀州,ミズ,20,Ｙ,68.5
1660,紀州,サクラ,21,Ｔ,132
1661,銀竹,,24,Ｔ,90
1662,啓ありそ,,21,Ｔ,60
1663,瑞穂純白,６４５１,21,Ｙ,90
1664,里紙,セイジ,21,Ｙ,100
1665,里紙,カキ,21,Ｙ,100
1666,ＯＫＡＣカード＃３５０,ウスクサ,21,Ｔ,309
1667,ＯＫミューズガリバー,ナチュラル,31,Ｔ,93.5
