更有,納品日,時間,分類,伝票№,担当,得意先,品名,サイズ,頁数,部数,印刷予定,印刷完了,備考,前回№,仕上行程有,１,２,３,４,５,６,７,８
→,2024/ 2/20 12: 0: 0,15:00,枚葉,1032484,谷岡,小川工業高等学校,卒業証書(名入れあり),タテ295×ヨコ420,1,168,2024/ 1/30,2024/ 1/30,★1/30印刷後、2/2中までに断裁し、2/9から吉田華洲様へ＿氏名・生年月日・番号書き込み（営業手配）\★5種計168枚＿名入れ分158枚+名前なし各教科2枚　①機械科37枚　②建築科科27枚　③土木科26枚　④設備工業科36枚　⑤情報電子科42枚\★得意先予備各2枚　★書き込み予備として各10枚と営業予備1枚　5種印刷すること,1029164,,,,,,,,,
◆,2024/ 2/20 18: 0: 0,15:00,枚葉,1032663,谷岡,㈱サタ商事 ,製品記録票(17-2),Ｂ5規格タテ,1,10000,2024/ 2/15,2024/ 2/16,,1030518,,,,,,,,,
◆,2024/ 2/20 15: 0: 0,15:00,枚葉,1032727,江藤,㈱ギャラリー片岡,～西洋の美～ ヨーロッパアンティーク展DM (小倉井筒屋),148×100,2,1000,,2024/ 2/19,オンデマンド。パーソンズ\1か所へ　2/20発送　2/21AM着\2か所へ　2/20郵送＿準備できたら江藤へ,1031656,,,,,,,,,
◆,2024/ 2/20 18: 0: 0,18:00,枚葉,1032827,宮本,㈱ウッドライズ,用紙のみ,B4規格,,1000,,,印刷なし。用紙のみ,1029366,,,,,,,,,
◆,2024/ 2/20 18: 0: 0,18:00,枚葉,5011686,小川,博文舎,<国府高等学校様>皆勤賞,タテ266×ヨコ391,1,63,,2024/ 2/19,オンデマンド,5011532,,,,,,,,,
◆,2024/ 2/20 18: 0: 0,18:00,枚葉,5011790,竹口,医療法人堀尾会,請求明細書 台紙,Ａ4格,,20000,,,印刷なし。ミシン。右2穴,5010129,,ミシン,2穴あけ,,,,,,
◆,2024/ 2/20 18: 0: 0,18:00,枚葉,5011798,藤本,(公社)熊本法人会,名刺：田代大丈夫様・田中賢史様（サービス）,タテ：55㎜×ヨコ：91㎜,1,200,,,オンデマンド,5011274,,,,,,,,,
◆,2024/ 2/20 18: 0: 0,18:00,複写,4001825,谷岡,やすらぎ荘,発注及び検収記録簿,A4規格タテ組,2枚×50組,10,,,秀英印刷,4001744,,,,,,,,,
◆,2024/ 2/20 18: 0: 0,18:00,冊子,6003272,小川,㈱旭出版,<四極会同窓会様> 四極会R05年会員名簿別冊,Ａ4規格,6,110,2024/ 2/16,2024/ 2/16,無線綴じ\製本の糊は新しい物を使用 黄ばむため(営業小川)\2/20校了予定,6002813,,断裁（ペラ製本）,丁合（丁合機）,無線440,包装,,,,
◆,2024/ 2/20 18: 0: 0,18:00,冊子,6003289,村上,㈱第一コーポレーション,シロヤクリーニング　チェックノート,タテ182×ヨコ117,16,1500,2024/ 2/13,2024/ 2/13,左上1穴＿穴径4ミリ。中綴じ（社内）\★印刷後、表紙１にナンバリング入れあり032001～033500（オンデマンド）\本文インキ：青（見本色）　表紙インキ：墨、青（見本色）,6003034,,断裁（仕上断裁あり）,4P折,16P折,中綴じ,1穴あけ,包装,,
◆,2024/ 2/21 12: 0: 0,,枚葉,1032754,坂田,西田鉄工㈱,辞令用紙,B5規格,1,100,,2024/ 2/16,オンデマンド,,,,,,,,,,
◆,2024/ 2/21 12: 0: 0,12:00,枚葉,1032718,内村,光照寺,永代經懇志,タテ524×ヨコ190,1,50,2024/ 2/16,2024/ 2/19,,1022153,,,,,,,,,
NEW!,2024/ 2/21 12: 0: 0,12:00,枚葉,1032774,坂田,㈱エフ･シー･シー,【製品技術開発部　】名刺（小澤嘉彦、河合一誠、池田宏史、今井嗣雄様）,タテ55×ヨコ91,2,400,,2024/ 2/20,オンデマンド,1032660,,,,,,,,,
NEW!,2024/ 2/21 12: 0: 0,12:00,枚葉,1032775,坂田,㈱エフ･シー･シー,【製品技術開発部　】名刺（吹野　迅、土屋昌之様）,タテ55×ヨコ91,2,200,,2024/ 2/20,オンデマンド,1032774,,,,,,,,,
NEW!,2024/ 2/21 12: 0: 0,12:00,枚葉,1032777,坂田,㈱エフ･シー･シー,【生産技術センター　】名刺（土屋彰範、笠野祥平、谷川水木、松下祐輝様）,タテ55×ヨコ91,2,400,,2024/ 2/20,オンデマンド,1032673,,,,,,,,,
NEW!,2024/ 2/21 12: 0: 0,12:00,枚葉,1032778,坂田,㈱エフ･シー･シー,【本社　営業部　32005】名刺（冨田也寸彦、河村悟志、山口淳一、鈴木慎一様）,タテ55×ヨコ91,2,500,,2024/ 2/20,オンデマンド,1032359,,,,,,,,,
◆,2024/ 2/21 12: 0: 0,12:00,枚葉,1032790,坂田,㈱髙橋建設,名刺（髙橋昌敬様）,タテ55×ヨコ91,2,300,,2024/ 2/20,オンデマンド,1030831,,,,,,,,,
◆,2024/ 2/21 12: 0: 0,12:00,枚葉,1032794,坂田,㈱日の出屋,ポイントカード,タテ54×ヨコ170,2,3000,2024/ 2/19,2024/ 2/19,1度折り　インキ：DIC2494,1031689,,断裁（仕上断裁あり）,１度折,包装,,,,,
◆,2024/ 2/21 12: 0: 0,12:00,枚葉,1032795,坂田,末松なおひろ事務所,お悔み（長文）,タテ190×ヨコ262,2,500,,2024/ 2/19,オンデマンド。1度折り,1031356,,仕上げ断裁,１度折,包装,,,,,
◆,2024/ 2/21 12: 0: 0,12:00,枚葉,5011776,山口,㈱肥後銀行,ダンボール(H-3)大,,,200,,,山本ダンボール（全外注）,5009726,,,,,,,,,
◆,2024/ 2/21 12: 0: 0,12:00,枚葉,5011797,村上,くすの実こども園,用紙のみ,A4規格,,450,,,印刷なし。用紙のみ,5009946,,,,,,,,,
◆,2024/ 2/21 18: 0: 0,12:00,冊子,2002292,下田,熊日サービス開発㈱,大逆事件と連合赤軍,四六判↓タテ188×ヨコ128,306,800,2024/ 2/ 9,2024/ 2/13,謹呈・スリップ＿オンデマンド　封筒＿大晶印刷\◆見返しアリ\2/21午後、著者分300部熊日に納品。　2/22熊日200部、教販300部納品。,,,断裁,16P折,見返折,スリップ（折）,無線ライン,型入れ（スリップ）,スリップ入れ,カバー巻き
◆,2024/ 2/21 18: 0: 0,14:00,複写,4001830,坂田,清水整形外科医院,発注書（食材）,Ａ5規格,2枚×50組,20,,,秀英印刷,4001323,,,,,,,,,
→,2024/ 2/21 18: 0: 0,15:00,枚葉,1032260,下田,熊本県国民健康保険団体連合会,第三者行為損害賠償求償事務　医療機関配布用ハガキ,タテ148×ヨコ200,2,9300,2024/ 1/10,2024/ 1/10,目隠しシール貼付け作業あり\目隠しシールは大阪シーリング外注（タテ134×ヨコ88㎜のシール）\№1032265送付文書、№1032264リーフレットと同封して341ヶ所へ発送＿●/●発送　●/●AM着,,,,,,,,,,
→,2024/ 2/21 18: 0: 0,15:00,枚葉,1032264,下田,熊本県国民健康保険団体連合会,第三者行為損害賠償求償事務　医療機関配布用リーフレット,Ｂ4規格,2,8500,2024/ 1/16,2024/ 1/16,一度折り\№1032265送付文書、№1032260ハガキと同封して341ヶ所へ発送＿●/●発送　●/●AM着\持込リーフ800枚、12/21受取済。発送時、持込分、印刷分の内訳は指示が入る。,,,仕上げ断裁,１度折,発送,,,,,
→,2024/ 2/21 15: 0: 0,15:00,枚葉,1032265,下田,熊本県国民健康保険団体連合会,第三者行為損害賠償求償事務　リーフレット・ハガキ発送業務,A4規格,1,341,,,オンデマンド\送付文書（データ持込　済）、№1032264リーフレット、№1032260ハガキを同封して341ヶ所へ発送（メール便）,,,,,,,,,,
◆,2024/ 2/21 15: 0: 0,15:00,枚葉,9101466,本田,MR研究会 事務局,第118回MR研究会研究発表会　ネームプレート,Ａ7変形,2,250,2024/ 2/15,2024/ 2/15,2/21発送　2/22AM着（九コン佐川営業所止め）,9101313,,,,,,,,,
◆,2024/ 2/21 15: 0: 0,15:00,新聞,9300231,下田,アオヤギ㈱ (箱崎事業部),福社研協会報 Vol.64 No.3,Ｂ5規格,16,680,2024/ 2/16,2024/ 2/16,2穴。\2/21発送 22AM着(発送先＿済),9300227,,仕上げ断裁,16P折,2穴あけ,発送,,,,
◆,2024/ 2/21 15: 0: 0,15:00,冊子,9200998,本田,MR研究会 事務局,第118回　MR研究会　予稿集,Ａ4規格,38,250,2024/ 2/16,2024/ 2/16,2/21発送　2/22AM着（発送先　佐川南営業所止め）,,,断裁,16P折,4P折,無線ライン,発送,,,
◆,2024/ 2/21 15: 0: 0,18:00,枚葉,1032667,河野,㈱マインド,<さくら会様>　人吉球磨　郷土カルタ　読み札（46枚）（№1032667に含む）,タテ91×ヨコ64,2,600,2024/ 2/ 8,2024/ 2/ 9,2/9朝から池田紙器工業へ（合紙作業）外注あがり2/16午前\外注上がり後、仕上げ断裁、丁合、箱詰めは社内にて作業。\2/22朝、マインド様受取来社。,1015100,,,,,,,,,
◆,2024/ 2/21 15: 0: 0,18:00,枚葉,1032668,河野,㈱マインド,<さくら会様>　人吉球磨　郷土カルタ　絵札（46枚）（№1032667に含む）,タテ91×ヨコ64,1,600,2024/ 2/ 8,2024/ 2/ 9,2/9朝から池田紙器工業へ（合紙作業）外注あがり2/16午前\外注上がり後、仕上げ断裁、丁合、箱詰めは社内にて作業。\2/22朝、マインド様受取来社。,1015101,,,,,,,,,
◆,2024/ 2/21 15: 0: 0,18:00,枚葉,1032669,河野,㈱マインド,<さくら会様>　人吉球磨　郷土カルタ　箱（№1032667に含む）,193×135×19（上蓋）↓187×132×19（下箱）,2,600,2024/ 2/ 8,2024/ 2/ 9,2/9朝から池田紙器工業へ（むしり作業）外注あがり2/16午前\外注上がり後、組立は社内にて作業。\2/22朝、マインド様受取来社。,1015102,,,,,,,,,
◆,2024/ 2/21 18: 0: 0,18:00,枚葉,1032783,内村,特別養護老人ホーム こもれび,長3封筒（パステルクリーム）,,1,1000,,,大晶印刷,1030855,,,,,,,,,
◆,2024/ 2/21 18: 0: 0,18:00,枚葉,1032823,河野,㈱マインド,<井上産業様>　三人展DM,タテ148×ヨコ100,2,1000,,,オンデマンド\2/22朝、マインド様受取来社,,,,,,,,,,
◆,2024/ 2/21 18: 0: 0,18:00,新聞,3001426,坂田,熊本宇城農業協同組合,広報「うきうき」3月号　No.329,Ａ4規格,24,9000,2024/ 2/16,2024/ 2/19,2穴　（リスト＿未）\各所分包あり（14か所）,3001410,,断裁,16P折,8P折,中綴じ機（２穴含む）,分包,,,
◆,2024/ 2/21 12: 0: 0,18:00,新聞,3001427,河野,㈱マインド,<熊本県男女共同参画センター　パレア様>　ならんで　Vol.54,Ａ4規格,8,9000,2024/ 2/16,2024/ 2/16,中綴じ（社内）。\色校正2/6中仕上、2/7朝マインド様受取来社。2/14校了予定。\2/22午前パレア1256部と県庁205部納品。赤帽2/22午前9時積込1台（予約済）　他、ゆうメールにて1129件、トラック便2件発送あり。2/26発送完了（松橋郵便局予約未）。鑑文あり、封筒・宛名シール支給あり\プラケース20ケース、2/19依頼済み。●ケース使用。　重量約212㎏,3001371,,8P折,中綴じ,包装：2/21中　　　　　パレア1256・県庁205,発送,,,,
◆,2024/ 2/21 18: 0: 0,18:00,新聞,3001429,坂田,宇土市社会福祉協議会,うと福祉だより　第142号（PDF作成）,Ａ4規格,6,14400,2024/ 2/16,2024/ 2/19,2穴\行政区ごと分包。包装用ラベルは支給あり＿2/15済\前回、市民のつどいプログラムの差し込み作業あり,3001383,,断裁（仕上断裁あり）,6P折,中綴じ機（２穴含む）,分包,,,,
◆,2024/ 2/21 12: 0: 0,18:00,冊子,2002392,宮本,しらぬい荘,「指定短期入所生活介護」利用契約書（介護予防短期入所生活介護）サテライトしらぬい荘短期入所サービス（空床型）（表紙みどり）,Ａ4規格,10,50,,2024/ 2/19,オンデマンド,2002177,,断裁（仕上断裁あり）,仕分け,無線440,包装,,,,
◆,2024/ 2/21 12: 0: 0,18:00,冊子,2002396,下田,熊本県国民健康保険団体連合会,令和６年　通常総会議案,Ａ4規格,228,100,,,オンデマンド　2/20午前中出力完了。\2/20日午前中までにオンデマンドで出力,,,断裁,仕分け,無線ライン,包装,,,,
◆,2024/ 2/21 18: 0: 0,18:00,冊子,2002397,河野,㈱マインド,<熊本難病・疾病団体協議会様>　リレートーク　冊子,Ａ4規格,12,200,,2024/ 2/19,オンデマンド\2/22朝、マインド様受取来社,2002105,,断裁（仕上断裁あり）,仕分け,無線440,包装,,,,
◆,2024/ 2/21 18: 0: 0,18:00,冊子,6003235,小川,㈱旭出版,<飯南高校同窓会様> R5年度飯南高校分冊,Ｂ5規格,16,110,2024/ 2/19,2024/ 2/20,無線綴じ\100部と10部に分けて包装\2/16データ入稿,6002773,,断裁,16P折,無線440,包装,,,,
◆,2024/ 2/21 12: 0: 0,18:00,冊子,6003257,山口,㈲ベストプロセス,2023年度「星翔」　第12号(東海大学付属熊本星翔高校),Ａ5規格,102,1400,2024/ 2/15,2024/ 2/16,紙目注意,6002842,,断裁,16P折6,4P折1,無線ライン,,,,
◆,2024/ 2/22 12: 0: 0,12:00,枚葉,1032744,内村,宇城市役所（高齢介護課）,介護保険被保険者証,タテ127×ヨコ283,1,2000,2024/ 2/15,2024/ 2/16,ミシン1本,1031825,,断裁（仕上断裁あり）,ミシン,包装,,,,,
NEW!,2024/ 2/22 12: 0: 0,12:00,枚葉,1032789,内村,山崎製パン㈱ 熊本工場,名刺（下田翔平）様,タテ55×ヨコ91,1,300,,2024/ 2/20,オンデマンド。プレス加工あり,1031324,,,,,,,,,
◆,2024/ 2/22 12: 0: 0,12:00,枚葉,1032800,宮本,㈱スズキ自販熊本,車検のご案内ハガキ（定休日なし）,タテ148×ヨコ100,2,2000,,,オンデマンド,1032010,,,,,,,,,
◆,2024/ 2/22 12: 0: 0,12:00,枚葉,1032821,内村,谷田病院（庶務課）,名刺（松永真由美）様,タテ55×ヨコ91,2,200,,,オンデマンド,1026911,,,,,,,,,
NEW!,2024/ 2/22 12: 0: 0,12:00,枚葉,5011755,山口,㈲ベストプロセス,第33回東海大学付属熊本星翔高校吹奏楽部　定期演奏会ポスター,A2規格,1,100,,,,5010185,,,,,,,,,
→,2024/ 2/22 12: 0: 0,12:00,枚葉,5011756,山口,㈲ベストプロセス,第33回東海大学付属熊本星翔高校吹奏楽部　定期演奏会チラシ,Ａ4規格,1,100,,,オンデマンド\№5011755のポスター校了後作成,5010186,,,,,,,,,
◆,2024/ 2/22 12: 0: 0,12:00,枚葉,5011774,山口,上益城広域連合,返信用封筒<長40>(上益城広域連合行),,1,7000,,,ハート（全外注）＿製品は熊本支店着,5009440,,,,,,,,,
◆,2024/ 2/22 12: 0: 0,12:00,枚葉,5011803,村上,熊本県空手道連盟,横断幕,タテ600×ヨコ5000,1,1,,,PXH9000,0,,,,,,,,,
◆,2024/ 2/22 15: 0: 0,15:00,枚葉,1032756,下田,凸版印刷㈱ 証券部,岩田屋三越　えらべるギフトディナー券,70×148,2,130,,2024/ 2/19,オンデマンド。菊4裁に12丁\100枚毎帯封\2/22発送　2/26AM着（発送先＿未）\◆用紙決算書必須!＿2/13出力済　◆出荷承認書必須!　◆品質チェックリスト必須！,1028807,,,,,,,,,
◆,2024/ 2/22 18: 0: 0,18:00,枚葉,1032539,谷岡,小川中学校,卒業証書(名入れあり),タテ326×ヨコ438㎜,1,130,2024/ 2/ 9,2024/ 2/ 9,2/9中印刷後、名前・生年月日・番号（書き文字）吉田華洲様へ2/13出し　受取●/●,0,,,,,,,,,
◆,2024/ 2/22 18: 0: 0,18:00,複写,4001828,坂田,㈱オカムラ,【リサイクルセンター】計量伝票,タテ238m/m×ヨコ101m/m,2枚×1組,2500,,,久留米印刷（全外注）＿営業手配済,4001680,,,,,,,,,
◆,2024/ 2/22 18: 0: 0,18:00,冊子,2002331,内村,宇城市教育委員会（教育総務課）,論語・日本語テキスト小学校編（第六版発行）,Ａ4規格,160,1150,2024/ 2/ 6,2024/ 2/ 6,分包あり（★リスト＿2/14済）,2000529,,断裁,16P折,無線ライン,分包,,,,
◆,2024/ 2/22 18: 0: 0,18:00,冊子,2002332,内村,宇城市教育委員会（教育総務課）,論語・日本語テキスト中学校編（第六版発行）,Ａ4規格,160,1200,2024/ 2/ 6,2024/ 2/ 6,分包あり（リスト＿2/14済）,2000529,,断裁,16P折,無線ライン,分包,,,,
◆,2024/ 2/24 15: 0: 0,,枚葉,1032726,江藤,太田 雅之,太田 雅之　しおり,縦60mm×300mm,2,3000,2024/ 2/22,,パーソンズ\2/24発送　2/25AM着,1026922,,,,,,,,,
◆,2024/ 2/24 12: 0: 0,12:00,枚葉,5011644,村上,熊本県庁,熊本県知事選挙に係る不在者投票用封筒　7種,タテ175×ヨコ110↓タテ163×ヨコ100,2,55995,,,校了後ハートへデータ送ってください。（連絡済み）\封筒7種(№5011644)+投票箋4種(№5011645・№5011646・№5011647・№5011648)で50ヶ所発送あり\2/24発送　2/26AM着（発送リスト　1/11済）　,0,,,,,,,,,
◆,2024/ 2/24 15: 0: 0,15:00,枚葉,1032643,江藤,tsumugu企画㈱,春を纏う DM (大丸神戸店) ～５人のクリエーター～,100×148,2,250,,,オンデマンド。パーソンズ\1か所へ　2/24発送　2/25AM着\1か所へ　2/24郵送＿準備できたら工務　江藤さんへ,1029296,,,,,,,,,
◆,2024/ 2/24 15: 0: 0,15:00,枚葉,1032708,江藤,tsumugu企画㈱,〈RUMIMUR〉×〈KIYOKO HARADA〉□クリエーターズセレクション□DM (久留米岩田屋),100×148,2,250,,,パーソンズ　オンデマンド\2/24発送　2/25AM着,1030169,,,,,,,,,
◆,2024/ 2/24 12: 0: 0,15:00,枚葉,5011645,村上,熊本県庁,有効投票箋,B7規格,1,23430,2024/ 2/16,2024/ 2/16,天のり　100枚綴じ（基本100枚。発送枚数次第で端数あり）\封筒7種(№5011644)+投票箋4種(№5011645・№5011646・№5011647・№5011648)で50ヶ所発送あり\2/24発送　2/26AM着（発送リスト　1/11済）　,0,,断裁（仕上断裁あり）,糊付け,,,,,,
◆,2024/ 2/24 12: 0: 0,15:00,枚葉,5011646,村上,熊本県庁,有効投票箋【按分票】,タテ105×ヨコ150,1,2890,2024/ 2/16,2024/ 2/16,天のり　50枚綴じ（基本50枚。発送枚数次第で端数あり）\封筒7種(№5011644)+投票箋4種(№5011645・№5011646・№5011647・№5011648)で50ヶ所発送あり\2/24発送　2/26AM着（発送リスト　1/11済）　,5011645,,断裁（仕上断裁あり）,糊付け,,,,,,
◆,2024/ 2/24 12: 0: 0,15:00,枚葉,5011647,村上,熊本県庁,無効投票箋（記名式）,タテ94×ヨコ133,1,11320,2024/ 2/16,2024/ 2/16,天のり　50枚綴じ（基本50枚。発送枚数次第で端数あり）\封筒7種(№5011644)+投票箋4種(№5011645・№5011646・№5011647・№5011648)で50ヶ所発送あり\2/24発送　2/26AM着（発送リスト　1/11済）　,5011646,,断裁（仕上断裁あり）,糊付け,,,,,,
◆,2024/ 2/24 12: 0: 0,15:00,枚葉,5011648,村上,熊本県庁,無効投票箋（記号式）,タテ94×ヨコ133,1,9550,2024/ 2/16,2024/ 2/16,天のり　50枚綴じ（基本50枚。発送枚数次第で端数あり）\封筒7種(№5011644)+投票箋4種(№5011645・№5011646・№5011647・№5011648)で50ヶ所発送あり\2/24発送　2/26AM着（発送リスト　1/11済）　,5011647,,断裁（仕上断裁あり）,糊付け,,,,,,
◆,2024/ 2/24 12: 0: 0,15:00,枚葉,5011649,村上,熊本県庁,熊本県知事選挙に係る不在者投票用封筒等仕分け発送作業,,,50,,,封筒7種(№5011644)+投票箋4種(№5011645・№5011646・№5011647・№5011648)で50ヶ所発送あり\2/24発送　2/26AM着（発送リスト　1/11済）　,5011644,,発送,,,,,,,
◆,2024/ 2/24 15: 0: 0,15:00,枚葉,9101471,下田,海鳥社,謹呈カード（謹呈のみ）,タテ150×ヨコ35,1,1000,,,オンデマンド。250枚毎帯封\2/24＿九コン社長持帰り,9101162,,,,,,,,,
◆,2024/ 2/24  0: 0: 0,18:00,枚葉,1031716,坂田,天城海洋開発合同会社,福祉タクシーチラシ,A4規格,1,32000,2024/ 2/16,2024/ 2/15,400枚＿2/24中仕上げ\残り31600＿2/28朝、朝日引き取り,0,,,,,,,,,
◆,2024/ 2/24 18: 0: 0,18:00,枚葉,1032617,坂田,(資)山田印刷,宇土市住民異動届,Ａ4規格,1,5000,2024/ 2/14,2024/ 2/15,,1019546,,,,,,,,,
◆,2024/ 2/24 18: 0: 0,18:00,枚葉,1032730,坂田,白井工業㈱,【52-K0523】請求書用紙,Ａ4規格,1,2000,2024/ 2/20,2024/ 2/20,左2穴,1028656,,仕上げ断裁,2穴あけ,,,,,,
◆,2024/ 2/24 18: 0: 0,18:00,枚葉,1032731,坂田,白井工業㈱,【52-K0525】納品書物品受領書用紙,Ａ4規格,1,2000,2024/ 2/20,2024/ 2/20,ミシン1本。左4穴,1028657,,断裁（仕上断裁あり）,ミシン,4穴あけ,,,,,
◆,2024/ 2/24 18: 0: 0,18:00,枚葉,1032796,坂田,医療法人社団 尾崎医院,長3封筒,,1,1000,,,大晶印刷,1031361,,,,,,,,,
◆,2024/ 2/24 18: 0: 0,18:00,枚葉,5011723,竹口,㈲玉名民報印刷,玉名ハーフマラソン大会 選手一覧表,A3規格,2,1000,2024/ 2/21,2024/ 2/19,,0,,,,,,,,,
◆,2024/ 2/24 18: 0: 0,18:00,枚葉,5011725,竹口,㈲玉名民報印刷,玉名ハーフマラソン大会 折り込みチラシ,B4規格,2,14000,2024/ 2/20,,表特色　DIC-269(ピンク系)\裏特色　DIC-490(むらさき系)\見本あり,0,,,,,,,,,
◆,2024/ 2/24 18: 0: 0,18:00,枚葉,5011729,竹口,東病院･田迎ケアセンター,挨拶状（２つ折り）,,1,200,,,オンデマンド,5007722,,,,,,,,,
NEW!,2024/ 2/24 18: 0: 0,18:00,枚葉,5011764,村上,おぜきこども園,保育証書（こすもす園）,Ａ4規格,1,6,,,オンデマンド,5008839,,,,,,,,,
◆,2024/ 2/24 18: 0: 0,18:00,冊子,2002375,内村,熊本駅前看護リハビリテーション学院,教育手帳,タテ315×ヨコ150,24,700,2024/ 2/ 5,2024/ 2/ 5,中綴じ（針金2点止め）・黒クロス,2001160,,断裁（仕上断裁あり）,4P折（本文）,表紙（ナイフ４Ｐ折り）,中綴じ,クロス巻き,中入れ,包装,
◆,2024/ 2/24 18: 0: 0,18:00,冊子,6003238,竹口,㈲玉名民報印刷,第75回 玉名ハーフマラソン大会 プログラム,A4規格,80,700,2024/ 2/19,2024/ 2/19,,0,,断裁,16P折,無線ライン,,,,,
◆,2024/ 2/26 12: 0: 0,12:00,枚葉,1032805,内村,谷田病院（医事課）,長3セロ窓封筒（パステルアクア）,長３封筒,1,1000,,,大晶印刷,1029865,,,,,,,,,
◆,2024/ 2/26 12: 0: 0,12:00,冊子,6003308,村上,㈲エスコム,ゴルフマガジン九州3月号,A4規格,16,6000,2024/ 2/20,,中綴じ（社内）\製品は全て2/26ヒル便で支店へ,6003263,,,,,,,,,
◆,2024/ 2/26 15: 0: 0,15:00,枚葉,9101469,本田,太宰府市社会福祉協議会,角2クラフト封筒　増刷,角２規格,2,3000,,,ハート（全外注）直送依頼,9101223,,,,,,,,,
◆,2024/ 2/26 14: 0: 0,15:00,新聞,9300229,本田,大野城市立平野中学校PTA,平野中学校PTA新聞　第139号,Ｂ4規格,4,1000,2024/ 2/20,2024/ 2/20,2/26発送　2/27AM着（発送先＿2/19済）,9300225,,仕上げ断裁,4P折,発送,,,,,
◆,2024/ 2/26 18: 0: 0,18:00,枚葉,5011766,藤本,九州沖縄農業研究センター,研究所名入り　角2：封筒,,1,4000,,,ハート（全外注）\2/27発送　2/28AM着＿№5011767　長2紐付き300枚と一緒に筑後へ発送,5011234,,,,,,,,,
◆,2024/ 2/26 18: 0: 0,18:00,枚葉,5011767,藤本,九州沖縄農業研究センター,研究所名入　封筒：角2　マチ・　紐付き,タテ×ヨコ,1,300,,,ハート（全外注）\2/27発送　2/28AM着＿№5011766　角2封筒2000枚と一緒に筑後へ発送,5011235,,,,,,,,,
◆,2024/ 2/26 18: 0: 0,18:00,枚葉,5011796,竹口,㈱ヤマシタ機工,<長3>封筒(セロ窓1号)グレー,,1,1000,,,大晶印刷（全外注）\封筒は工場手配,5008979,,,,,,,,,
◆,2024/ 2/26 18: 0: 0,18:00,新聞,3001431,坂田,松橋高等学校 同窓会,同窓会報「松柏」第48号,Ａ4規格,8,700,2024/ 2/21,,2穴,3001260,,仕上げ断裁,8P折,2穴あけ,包装,,,,
◆,2024/ 2/27 18: 0: 0,12:00,枚葉,1032694,宮本,㈱スズキ自販熊本,目隠しシール（購入サポートDM　ハガキ用）（No.1032692 に含む）,タテ32×ヨコ44,1,5000,,,大阪シーリング印刷,1032434,,,,,,,,,
NEW!,2024/ 2/27 12: 0: 0,12:00,枚葉,1032747,内村,宇城市役所（選挙管理委員会）,選挙来場者カード（令和6年 熊本県知事選挙）,タテ55×ヨコ91,1,1000,,,オンデマンド,1029716,,,,,,,,,
◆,2024/ 2/27 12: 0: 0,12:00,冊子,2002333,内村,宇城市役所,2024年度版宇城市総合カレンダー（5種）,Ａ4規格,28,25300,2024/ 2/13,2024/ 2/14,中綴じ（社内）2穴。\仕分けあり（各行政区毎　リスト_未）,2001750,,断裁,16P折1,8P折1,4P折（表紙含む）2,中綴じ,2穴あけ,分包,
◆,2024/ 2/27 15: 0: 0,15:00,冊子,9201006,本田,㈱啓隆社,リード古文3 本誌他2点,Ｂ5規格,56,4000,2024/ 2/20,,表紙マットニス引きあり（社内）\No.9201008ノートすべて挟込あり\2/27発送　2/28AM着＿システム物流　★1冊118ｇ\★前回＿本誌・解答・ノートあわせて　弥永A判1パレ　JCC四六2パレ,9200772,,断裁,16P折,8P折,無線ライン,挟み込み（ノートのみ）,発送（システム物流）,,
◆,2024/ 2/27 15: 0: 0,15:00,冊子,9201007,本田,㈱啓隆社,リード古文3 解答,タテ254×ヨコ175,96,2000,2024/ 2/20,2024/ 2/20,解答は挟み込みなし\2/27発送　2/28AM着＿システム物流　★1冊170ｇ\,9200773,,16P折6,無線ライン,結束,発送（システム物流）,,,,
◆,2024/ 2/27 15: 0: 0,15:00,冊子,9201008,本田,㈱啓隆社,リード古文3 提出ノート,タテ254×ヨコ175,32,4000,2024/ 2/19,2024/ 2/20,中綴じ（社内）\No.9201006本誌へすべて挟込あり\2/27発送　2/28AM着＿システム物流　\★1冊60ｇ,9200774,,断裁,4P折（表紙）1,16P折2,中綴じ,,,,
◆,2024/ 2/27 18: 0: 0,18:00,枚葉,1032824,坂田,㈱九州エフ･シー･シー,長3封筒（料金後納入り）,,1,1000,,,大晶印刷,1031241,,,,,,,,,
◆,2024/ 2/27 18: 0: 0,18:00,新聞,7000761,山口,熊本県立第一高等学校,好文(第126号)令和6年3月,Ａ4規格,12,1300,2024/ 2/21,,40枚毎仕切り入れ。中綴じ（社内）\組版＿マインドさん,7000678,,,,,,,,,
◆,2024/ 2/28 12: 0: 0,12:00,枚葉,5011768,村上,熊本県庁,令和5年度（2023年度）医薬品の供給不足に関するポスター,A3規格,1,2640,2024/ 2/20,,2/28発送　3/1AM着\ポスター3枚と№5011769のチラシ5枚を角2封筒へ封入。880個封入まで封は空いたままでいい\2つ折り　印刷面外A4にする,0,,仕上げ断裁,１度折,封入作業,,,,,
◆,2024/ 2/28 12: 0: 0,12:00,枚葉,5011769,村上,熊本県庁,令和5年度（2023年度）医薬品の供給不足に関するチラシ,A4規格,1,5280,2024/ 2/20,,2/28発送　3/1AM着\№5011768ポスター3枚とチラシ5枚を角2封筒へ封入。880個封入まで空いたままでいい\残部880枚は包装,5011768,,仕上げ断裁,封入作業,,,,,,
◆,2024/ 2/28 12: 0: 0,12:00,新聞,3001444,内村,美里町長,広報みさと 3月号,Ａ4規格,26,3740,2024/ 2/24,,行政区仕分けあり（リスト＿未）,3001416,,,,,,,,,
◆,2024/ 2/28 18: 0: 0,12:00,冊子,6003005,藤本,熊本昆虫同好会,会報　５７巻,タテ250×ヨコ176,62,50,,,オンデマンド　,6000368,,,,,,,,,
◆,2024/ 2/28 18: 0: 0,12:00,冊子,6003234,竹口,㈲玉名民報印刷,玉名高校 120周年記念誌,B5規格,182,200,2024/ 2/20,,外函あり＿池田紙器工業へ＿●/●朝受取　竹口手配予定\◆見返しアリ 小口糊あり,0,,,,,,,,,
◆,2024/ 2/28 15: 0: 0,15:00,枚葉,9101468,本田,大野城市役所,賞状用紙 (白),タテ312×ヨコ435,1,500,,,印刷なし。2/●朝、池田紙器工業へ金箔押し加工へ＿外注受取2/●午前\2/28発送　2/29AM着（発送先指示　未）\★キング　A3　No.3　ケント　雲なし　用紙2/7入る,9101156,,,,,,,,,
◆,2024/ 2/28 18: 0: 0,18:00,枚葉,1032716,内村,宇城市役所（保健福祉センター）,クリアファイル3種（トマト、キャベツ、パプリカ）,,1,3000,,,クリアファイルファクトリー（ユーレックス・ジャパン）（前金制）振込2/14済,1028069,,,,,,,,,
◆,2024/ 2/28 18: 0: 0,18:00,枚葉,1032724,内村,宇城市役所（社会福祉課）,民生委員・児童委員チラシ,A4規格,2,24000,2024/ 2/15,2024/ 2/16,仕分けあり・鑑文有り2/19済（リスト　未）,0,,,,,,,,,
→,2024/ 2/28 18: 0: 0,18:00,枚葉,1032786,谷岡,萩原㈱ 九州支店,連帳タックシール(印刷あり),タテ85×ヨコ107　前回どおり,1,20000,,,大阪シーリング（全外注）,1027979,,,,,,,,,
◆,2024/ 2/28 18: 0: 0,18:00,枚葉,1032828,坂田,清水整形外科医院,仁水会長3封筒,,1,1000,,,大晶印刷,1031867,,,,,,,,,
◆,2024/ 2/28 18: 0: 0,18:00,枚葉,1032829,坂田,清水整形外科医院,仁水会長40封筒,,1,1000,,,大晶印刷,1020252,,,,,,,,,
◆,2024/ 2/28 18: 0: 0,18:00,枚葉,5011785,村上,熊本県立図書館,くまもと文学・歴史館特別展「文学が語る古代のくまもと」ポスター,B2規格,1,550,2024/ 2/21,,3度折り＿463枚 印刷面外側\ポスター、№5011786チラシ、案内状を512ヶ所へ発送。3/5発送　3/7AM着（リスト　未）\発送分以外は2/29先方に納品,,,,,,,,,,
◆,2024/ 2/28 18: 0: 0,18:00,枚葉,5011786,村上,熊本県立図書館,くまもと文学・歴史館特別展「文学が語る古代のくまもと」チラシ,A4規格,2,30000,2024/ 2/21,,№5011785ポスター、チラシ、案内状を512ヶ所へ発送。3/5発送　3/7AM着（リスト　未）\発送分以外は2/29先方に納品,5011785,,,,,,,,,
◆,2024/ 2/28 18: 0: 0,18:00,複写,4001829,谷岡,興梠食品㈲,納品書・請求書,タテ　205m/m×ヨコ　135m/m,3枚×50組,50,,,見積り後、外注先決定,4001612,,,,,,,,,
◆,2024/ 2/28 12: 0: 0,18:00,複写,4001831,谷岡,㈱JUST,領収証,タテ　100m/m×ヨコ　182m/m,2枚×50組,30,,,秀英印刷,4000914,,,,,,,,,
NEW!,2024/ 2/28 18: 0: 0,18:00,複写,4001832,坂田,㈲熊本第一梱包,領収証,タテ80m/m×ヨコ165m/m,2枚×1組,500,,,木村印刷,4001604,,,,,,,,,
◆,2024/ 2/28 18: 0: 0,18:00,新聞,3001445,内村,宇城市役所,広報うき　3月号,Ａ4規格,32,24100,2024/ 2/22,,中綴じ（社内）。行政区ごと仕分けあり　リスト＿未,3001417,,,,,,,,,
◆,2024/ 2/29 12: 0: 0,12:00,枚葉,5011794,村上,熊本地域医療センター,熊本地域医療センターだより　3月号　データ作成,A3規格,2,1,,,,5011661,,,,,,,,,
◆,2024/ 2/29 12: 0: 0,12:00,新聞,3001437,内村,甲佐町長,広報こうさ　3月号,Ａ4規格,24,4200,2024/ 2/24,,★仕分けあり　リスト＿未\タックシールは2か所（天と短辺側面）貼る,3001418,,,,,,,,,
◆,2024/ 2/29  0: 0: 0,15:00,冊子,2002093,谷岡,小川工業高等学校,創立50周年記念誌,A4規格,298,900,2024/ 1/12,2024/ 1/12,日宝綜合製本へ＿刷紙1/16発送　1/17着\◆見返しあり\分納・発送あり＿分包は伝票に記載あり。発送は詳細未\2/16中783部仕上、内159部を分かるようにする。117部は2/29発送　3/4AM着。鑑文あり。,,,,,,,,,,
◆,2024/ 2/29 18: 0: 0,18:00,枚葉,1032799,坂田,(公社)宇土法人会,角2封筒,,1,2000,,,ヤマガタ（全外注）,1029199,,,,,,,,,
◆,2024/ 2/29 18: 0: 0,18:00,複写,4001822,坂田,宇城広域連合長,火葬場使用料納付書作成（龍燈苑、寂静の里）,タテ182m/m×ヨコ126m/m,3枚×1組,6210,,,木村印刷,421390,,,,,,,,,
◆,2024/ 2/29 18: 0: 0,18:00,新聞,7000767,小川,昭和印刷,<熊本県保険医協会様> 熊本保険医新3/5号,Ｂ4変型364×257,6,3750,2024/ 2/27,,2/26中データ入稿,7000739,,,,,,,,,
◆,2024/ 2/29 18: 0: 0,18:00,冊子,2002365,河野,㈱マインド,<コンベンション協会様>　熊本グルメＢＯＯＫ（日本語・改訂版）,Ａ5規格,44,50000,2024/ 1/31,2024/ 2/ 1,中綴じ（社内）表紙3・4が表裏6頁になり、巻き込んで製本。\★1冊56ｇ\23日早めにデータ入稿予定　23日5000部のみ印刷後仕上げ。31日午後3時に3000部を赤帽積込、納品（3か所　各1000部）\残りは29日～印刷で、2/9中製本完了する。分納2回目2/13、8000部を４か所へ,2002247,,断裁,16P折2,4P折1,8P（巻き巻き４つ折り）1,中綴じ,包装,,
◆,2024/ 2/29 18: 0: 0,18:00,冊子,2002384,河野,㈱マインド,<玉名地域振興局様>　荒尾・玉名地域　企業紹介,Ａ4規格,54,1000,2024/ 2/26,,10単位で包装する。\3/1午前、玉名地域振興局様へ納品（3/1　午前●時　不知火運送積込）。マインド中村様立ち合い有り。\A4　1列（B-H17）の段ボール箱20個もマインド様へ。,2002098,,断裁,16P折3,4P折,無線ライン,,,,
◆,2024/ 3/ 1 15: 0: 0,15:00,枚葉,1032666,河野,㈱マインド,<データプリント様>　川越市ハザードマップ,Ａ1規格↓594×841,2,10000,2024/ 2/14,2024/ 2/15,3/1発送　3/6AM着（福山通運　埼玉県川越営業所止め）\データプリント様予備も分かるようにして一緒に送る\★ジグザク3折り　直角2折り（見本参照）社内,1029605,,仕上げ断裁,ジグザグ3折り　　　　　　　直角3折り,発送,,,,,
◆,2024/ 3/ 1 18: 0: 0,18:00,枚葉,1032734,内村,NPO法人スポーツアカデミー熊本宇城,修了証（17名様分）,Ａ4規格,1,17,,,オンデマンド,1029319,,,,,,,,,
◆,2024/ 3/ 1 18: 0: 0,18:00,冊子,2002381,宮本,㈱ウッドライズ,＜㈱地域情報センター様＞くまもと経済2024年3月号vol.513,Ａ4変形↓　タテ280×ヨコ210,320,3500,2024/ 2/27,,3/4 7:30宮本出発 熊本ネット 215部\3/4 8:30出発 くまけい　 880部（午前8時半頃、赤帽2台積込　予約＿未\3/4 8:30引取 発送業者  2005部とくまもと経済から持込の4箱も渡す＿持込未（先方手配のトラックにて引取）先方手配のトラックにて本誌・持込封筒と一緒に引取\3/6 9:00出発 ANAクラウンプラザホテル熊本ニュースカイへ400部納品（午前9時頃、赤帽1台積込　予約＿未）\★台割　2/22午後入る　　 ★1冊534ｇ　　★3月号はハガキ印刷あり　4月号はハガキ印刷確認する,2002368,,,,,,,,,
◆,2024/ 3/ 4  0: 0: 0,10:00,冊子,2002305,下田,熊日サービス開発㈱,歌集　山峡に生きて（甲斐様歌集）,Ａ5規格,262,300,2024/ 2/16,2024/ 2/16,丸背上製本（日宝綜合製本へ　刷紙2/19発送　2/20AM着）\カバーPP加工あり(外注)\大扉・グラビア・謹呈・オンデマンド\封筒　大晶印刷\見返しアリ　小口のりあり,,,,,,,,,,
◆,2024/ 3/ 4 12: 0: 0,12:00,枚葉,1032801,坂田,宇土市役所,物価高騰対策商品券（PDF納品）,タテ75×ヨコ160,2,183000,2024/ 2/19,2024/ 2/20,"左のり。5枚×36,600冊\クロース黒。針金1点止め。ミシン1本。ナンバリング入れあり\段ボール詰め\※化粧落としして印刷する\※印刷後は印刷の方で検品をかける",1030811,,断裁（仕上断裁あり）,ミシン,糊付け,針金,クロス巻き,分包,,
◆,2024/ 3/ 4 15: 0: 0,15:00,冊子,9201002,本田,㈱啓隆社,ＰＬＵＳ　英語頻出問題  本誌他１点,Ｂ5規格,104,3000,2024/ 2/26,,表紙マットPP加工（2/19午後、シャイニングコートへ＿受取2/21午前）\★3/4発送＿（弥永倉庫へ3/5AM納品）　\★四六2パレ,9200766,,断裁,16P折6,8P折1,無線ライン,結束,発送,,
◆,2024/ 3/ 4 15: 0: 0,15:00,冊子,9201003,本田,㈱啓隆社,ＰＬＵＳ　英語頻出問題  解答,タテ254×ヨコ175,136,3000,2024/ 2/26,,★3/4発送＿（弥永倉庫へ3/5AM納品）　,9200767,,断裁,16P折8,8P折1,中綴じ,結束,発送,,
◆,2024/ 3/ 4 18: 0: 0,18:00,枚葉,5011801,小川,アド･プラン,<西村クリニック様> 薬袋のみぐすり(大)増刷,幅150×天地190+フタ20,1,20000,2024/ 2/22,,福岡製袋工業へ（刷紙　2/24発送　2/26AM着）加工予備として小数で500枚送る\★展開サイズ＿タテ227×ヨコ315\★注意＿外注先より1箱2000枚で届くので、納品時は5000枚になるように納品,5009753,,,,,,,,,
◆,2024/ 3/ 4 18: 0: 0,18:00,冊子,2002390,坂田,たんぽぽ保育園,れんらくちょう（連絡ノート）,タテ150×ヨコ120,112,100,2024/ 2/26,,針金中綴して黄色クロス。1穴　本文インキ：DIC145,2001243,,,,,,,,,
◆,2024/ 3/ 4 18: 0: 0,18:00,冊子,2002391,坂田,たんぽぽ保育園,れんらくちょう（0～2歳用）,タテ150×ヨコ120,124,150,2024/ 2/26,,針金中綴して黄色クロス　1穴　本文インキ：DIC145,2001800,,,,,,,,,
◆,2024/ 3/ 4 18: 0: 0,18:00,冊子,6003224,竹口,㈲玉名民報印刷,玉名市文化財調査報告 第53集,Ａ4規格:縦長,60,300,2024/ 2/28,,PDF納品あり（CD2枚）\◆見返しアリ\小口のりあり,,,断裁,16P折3,8P折1,4P折,無線ライン,見返折,,
◆,2024/ 3/ 4  0: 0: 0,18:00,冊子,9200914,下田,国立大学法人 九州大学,宮本先生退職記念論文集,B5規格,1056,500,2024/ 2/ 8,2024/ 2/ 9,小口折り製本。上巻・下巻あり＿上巻532頁　下巻520頁\外函・製本共に＿印刷後、日宝綜合製本へ外注出し2/9　2/13AM着予定\2/2＿本文・グラビアのみ校了\◆見返しアリ\ダイソーより紙袋200枚購入＿未\,,,,,,,,,,
NEW!,2024/ 3/ 4 15: 0: 0,18:00,冊子,9200991,下田,国立大学法人 九州大学,九州大学考古学研究室の記録Ⅲ（65周年記念誌）,Ｂ5規格,114,850,2024/ 2/21,,表紙透明PPあり（シャイニング外注出し　2/26出し～2/●●受取）\R6.3/4製品仕上げ　発送は後日(宮本先生退官記念誌と同じ動き)＿発送先未\◆見返しアリ,9200114,,,,,,,,,
◆,2024/ 3/ 5 15: 0: 0,15:00,枚葉,1032759,宮本,加藤 泰一,加藤泰一 陶展 DM (日本橋髙島屋),148*100,2,1800,,,パーソンズ。オンデマンド\3/5発送　3/6AM着,1029427,,,,,,,,,
◆,2024/ 3/ 5 15: 0: 0,15:00,枚葉,9101470,下田,(社)東はこざき保育園,名刺 (牛島理事長分),タテ55×ヨコ91,1,200,,2024/ 2/14,オンデマンド。角丸加工あり\3/5発送　3/6AM着＿№9101001「入園のしおり」と一緒に納品,9100360,,,,,,,,,
◆,2024/ 3/ 7 12: 0: 0,12:00,枚葉,1032746,内村,宇城市役所（保健福祉センター）,さしより野菜ポケットティッシュ,,1,2000,,,シンエイ・アド・エージェンシー（ネット注文 前金制＿2/14済）　\2/13電話発注済。製品は2/27に届く予定\データは、2年間保存される。,1027440,,,,,,,,,
◆,2024/ 3/ 7 18: 0: 0,18:00,枚葉,1032811,内村,甲佐町長（住民生活課）,別注長3セロ窓封筒 大切なお知らせ（透けないタイプ）パステルクリーム,長３封筒,1,1000,,,ハート（全外注）,1029257,,,,,,,,,
◆,2024/ 3/ 8 12: 0: 0,12:00,枚葉,5011625,藤本,熊本県立装飾古墳館,2025年度　装飾古墳館　年間行事　リーフレット,Ａ4規格：縦長,2,133000,2024/ 2/15,2024/ 2/16,巻３つ折り。封入作業あり（50枚紙帯止め）。リスト＿未\★挨拶文持込み,5010102,,仕上げ断裁,巻き3つ折,封入作業,,,,,
◆,2024/ 3/ 8 18: 0: 0,18:00,枚葉,1032816,大和地,自家用,長3封筒（Pマーク入り）本社用,長３封筒,2,1000,,,オンデマンド\製品は、営業大和地さんへ,1028077,,,,,,,,,
◆,2024/ 3/ 8 18: 0: 0,18:00,枚葉,1032817,大和地,自家用,洋４セロ窓封筒 (本社),,,2000,,,オンデマンド。本社：1700枚。支店：300枚。,1030331,,,,,,,,,
◆,2024/ 3/11 12: 0: 0,12:00,枚葉,1032819,自家用,自家用,オンデマンドスクラッチテスト用紙2種,311×440(面付用紙),1,100,,,オンデマンド\スクラッチ加工（テスト）＿天野スクリーンへ3/1午後外注出し（植田持出）　3/11受取予定\製品は、面付けしたままで江藤さんへ,1032192,,,,,,,,,
◆,2024/ 3/11 12: 0: 0,12:00,冊子,6003197,藤本,熊本保健科学大学,研究誌　第21号,,,,,,オンデマンド,6002812,,,,,,,,,
◆,2024/ 3/11 18: 0: 0,18:00,枚葉,5011708,藤本,南関町役場,令和6年度　町民カレンダー,A2　　縦長,1,3750,2024/ 2/14,2024/ 2/15,6枚綴り。製本はベストへ外注（センターのミシン入れから依頼）\2/14、15で印刷、刷紙は池田紙器へ2/16朝持ち込み\仕分けあり（リスト　未）,0,,,,,,,,,
◆,2024/ 3/13 18: 0: 0,18:00,枚葉,1032699,内村,甲佐町長（保健福祉センター）,別注角2セロ窓クラフト封筒,角２封筒,1,1500,,,ハート,1019934,,,,,,,,,
◆,2024/ 3/14 15: 0: 0,15:00,枚葉,9101467,本田,㈱富士印刷社,妊娠・出産に関する正しい知識の普及啓発リーフレット,A4規格サイズ,2,52000,2024/ 2/21,,上部2か所斜めカットと切り欠き加工あり＿2/27朝、池田紙器工業へ外注（外注受取3/5）。\巻3つ折り（社内）。\3/14発送　3/15AM着（子育て支援課23010枚　残り28990枚は95ヶ所仕分けあり（リスト2/5済）\保健福祉（環境）事務所9箇所7400枚　鑑文あり（100枚毎仕切り入れする）発送分すべて判取あり\★前回納品は大型トラックにて納品★重量要確認,9100289,,,,,,,,,
◆,2024/ 3/15 18: 0: 0,18:00,冊子,6003199,藤本,山鹿市鹿北支所,「小さな親切運動」　作品集,,,,,,,6002934,,,,,,,,,
◆,2024/ 3/19 18: 0: 0,18:00,枚葉,5011791,塚本,JP労組九州地方本部,郵送用封筒（４月号用）,,1,28000,,,キング（全外注）＿2/13手配済,5011614,,,,,,,,,
◆,2024/ 3/20  0: 0: 0,,冊子,2002325,下田,熊日サービス開発㈱,僧侶が起つ（熊日新書）,,,,,,★カバー透明PP加工あり（社内/外注＿未定）\★封筒は大晶印刷へ外注\謹呈＿オンデマンド,2001342,,,,,,,,,
◆,2024/ 3/21 18: 0: 0,18:00,枚葉,1032613,内村,宇城市役所（税務課）,固定資産税4期納税通知書用封筒,,1,5500,,,ハート,1014865,,,,,,,,,
◆,2024/ 3/22 18: 0: 0,18:00,枚葉,1032806,谷岡,上天草市役所,レントゲン問診票送付用窓あき封筒,タテ120×ヨコ235㎜＋35㎜,1,15000,,,キング（全外注）営業手配済み＿キング様より直送,0,,,,,,,,,
◆,2024/ 3/27 18: 0: 0,18:00,冊子,2002400,宮本,㈱ウッドライズ,＜㈱地域情報センター様＞くまもと経済2024年4月号vol.514,Ａ4変形↓　タテ280×ヨコ210,208,3100,,,3/28 7:30宮本出発 熊本ネット 215部\3/28 8:30出発 くまけい　 880部（午前8時半頃、赤帽2台積込　予約＿未\3/28 8:30引取 発送業者  2005部とくまもと経済から持込の4箱も渡す＿持込未（先方手配のトラックにて引取）先方手配のトラックにて本誌・持込封筒と一緒に引取\★台割　3/18午後入る　　 ★1冊534ｇ　　★4月号はハガキ印刷なし　5月号はハガキ印刷確認する,2002381,,,,,,,,,
◆,2024/ 5/20 18: 0: 0,18:00,冊子,6003146,沖,熊本大学 事務局（国立大学法人熊本大学）,2025 年版「大学案内（がんばれ受験生）」の企画・編集及び印刷一式,,,,,,★前回1冊72頁206ｇ　1冊64頁184ｇ\★1回目R6.5/21＿15000部（前回、5/23、4200部-大学手配の福山通運引取。10800部はシモダから熊大へ納品。4ｔ車手配）\★2回目R6.6/18＿10000部 (前回、シモダから熊大へ納品。 佐川4ｔ車手配)\,6002737,,,,,,,,,
◆,2024/ 8/30  0: 0: 0,,冊子,2002317,下田,熊日サービス開発㈱,（仮）熊本工業高等学校野球部　１００周年記念誌,,,,,,★★★仮伝票・積算未・他未定\上製本　組版がR6/2月位からスタート予定。,,,,,,,,,,
