結合名,ID,,,,,,
Ａカード＃１５０-ナチュラル-21-Ｔ-135,1493,,,,,,
Ａカード＃２００-アイボリー-21-Ｔ-180,726,,,,,,
Ａカード＃２００-ソラ-21-Ｔ-180,1313,,,,,,
Ａカード＃２００-ミズ-21-Ｔ-180,675,,,,,,
Ａカード＃２５０-ソラ-21-Ｔ-225,1244,,,,,,
Ａカード＃３００-モモ-21-Ｔ-270,730,,,,,,
Ａカード＃３００-濃クリーム-21-Ｔ-270,674,,,,,,
Ａカード＃３５０-ワカクサ-21-Ｔ-1,1445,,,,,,
Ａカード＃４００-濃クリーム-21-Ｔ-360,1471,,,,,,
ｂ７トラネクスト-20-Ｔ-45.5,1347,,,,,,
ｂ７トラネクスト-20-Ｔ-50.5,400,,,,,,
ｂ７トラネクスト-20-Ｔ-55,1458,,,,,,
ｂ７トラネクスト-20-Ｙ-55,259,,,,,,
ｂ７トラネクスト-20-Ｙ-63,1331,,,,,,
ｂ７トラネクスト-21-Ｔ-86,1394,,,,,,
ｂ７トラネクスト-21-Ｙ-71.5,1510,,,,,,
ｂ７トラネクスト-21-Ｙ-71.5,1510,,,,,,
ｂ７トラネクスト-22-Ｔ-62,1521,,,,,,
ｂ７トラネクスト-22-Ｔ-83,1536,,,,,,
ｂ７トラネクスト-23-Ｙ-59.5,1459,,,,,,
ｂ７トラネクスト-シロ-21-Ｙ-71.5,1194,,,,,,
ｂ７ナチュラル-21-Ｔ-86,261,,,,,,
ｂ７バルキー-20-Ｙ-57.5,742,,,,,,
ｂ７バルキー-22-Ｔ-70.5,1336,,,,,,
ＢＰコート＃１１０-クリーム-21-Ｔ-1,1501,,,,,,
ＢＰコート＃１１０-シロ-21-Ｔ-1,1048,,,,,,
ＢＰコート＃１１０-ピンク-21-Ｔ-1,1528,,,,,,
ＣＣＰ中葉　６０Ｗ-25-Ｔ-1,1257,,,,,,
ＨＳＫアイボリー-23-Ｔ-27.5,1246,,,,,,
ＪＥＴエースＦ-29-Ｔ-31,1355,,,,,,
ＪＥＴエースＷ-23-Ｔ-19,960,,,,,,
ＪＥＴエースＷ-29-Ｔ-35,1226,,,,,,
ＭＩＣＲ用紙-1-Ｔ-33.1,1272,,,,,,
ＭＬファイバー-ウスアオ-21-Ｙ-160,524,,,,,,
Ｍｒ，Ｂ-スーパーホワイト-21-Ｙ-135,1431,,,,,,
Ｍｒ，Ｂ-スーパーホワイト-23-Ｙ-76.5,1448,,,,,,
ＮＥＷウルトラＨ-23-Ｙ-19.5,1248,,,,,,
ｎｐｉ上質-20-Ｔ-35,743,,,,,,
ｎｐｉ上質-20-Ｔ-44.5,93,,ｎｐｉ上質,20,Ｔ,44.5,
ｎｐｉ上質-20-Ｔ-70,1485,,ｎｐｉ上質,20,Ｔ,70,
ｎｐｉ上質-20-Ｔ-70.5,1060,,,,,,
ｎｐｉ上質-20-Ｔ-86.5,635,,ｎｐｉ上質,20,Ｔ,86.5,
ｎｐｉ上質-20-Ｙ-28.5,241,,ｎｐｉ上質,20,Ｙ,28.5,
ｎｐｉ上質-20-Ｙ-35,99,,,,,,
ｎｐｉ上質-20-Ｙ-35,99,,,,,,
ｎｐｉ上質-20-Ｙ-35,99,,,,,,
ｎｐｉ上質-20-Ｙ-44.5,16,,,,,,
ｎｐｉ上質-20-Ｙ-57.5,145,,,,,,
ｎｐｉ上質-20-Ｙ-57.5,145,,,,,,
ｎｐｉ上質-20-Ｙ-57.5,145,,,,,,
ｎｐｉ上質-20-Ｙ-57.5,145,,,,,,
ｎｐｉ上質-20-Ｙ-70.5,116,,,,,,
ｎｐｉ上質-20-Ｙ-70.5,116,,,,,,
ｎｐｉ上質-20-Ｙ-86.5,6,,,,,,
ｎｐｉ上質-20-Ｙ-86.5,6,,,,,,
ｎｐｉ上質-20-Ｙ-86.5,6,,,,,,
ｎｐｉ上質-20-Ｙ-86.5,6,,,,,,
ｎｐｉ上質-21-Ｔ-110,247,,,,,,
ｎｐｉ上質-21-Ｔ-135,90,,,,,,
ｎｐｉ上質-21-Ｔ-135,90,,,,,,
ｎｐｉ上質-21-Ｔ-180,88,,,,,,
ｎｐｉ上質-21-Ｔ-180,88,,,,,,
ｎｐｉ上質-21-Ｔ-45,551,,ｎｐｉ上質,21,Ｔ,45,
ｎｐｉ上質-21-Ｔ-45,551,,,,,,
ｎｐｉ上質-21-Ｔ-55,39,,,,,,
ｎｐｉ上質-21-Ｔ-55,39,,,,,,
ｎｐｉ上質-21-Ｔ-70,46,,,,,,
ｎｐｉ上質-21-Ｔ-70,46,,,,,,
ｎｐｉ上質-21-Ｔ-90,130,,,,,,
ｎｐｉ上質-21-Ｙ-55,646,,,,,,
ｎｐｉ上質-21-Ｙ-70,147,,,,,,
ｎｐｉ上質-22-Ｔ-55,1648,,,,,,
ｎｐｉ上質-22-Ｔ-67.5,596,,,,,,
ｎｐｉ上質-22-Ｔ-67.5,596,,,,,,
ｎｐｉ上質-23-Ｔ-48.5,243,,,,,,
ｎｐｉ上質-23-Ｔ-62.5,246,,,,,,
ｎｐｉ上質-23-Ｙ-125,76,,,,,,
ｎｐｉ上質-23-Ｙ-125,76,,,,,,
ｎｐｉ上質-23-Ｙ-125,76,,,,,,
ｎｐｉ上質-23-Ｙ-125,76,,,,,,
ｎｐｉ上質-23-Ｙ-125,76,,,,,,
ｎｐｉ上質-23-Ｙ-48.5,242,,,,,,
ｎｐｉ上質-23-Ｙ-62.5,481,,,,,,
ｎｐｉ上質-23-Ｙ-76.5,623,,,,,,
ｎｐｉ上質-23-Ｙ-93.5,198,,,,,,
ＮＴストライプＧＡ-ライトグレー-21-Ｙ-130,1487,,,,,,
ＮＴほそおりＧＡ-ナチュラル-21-Ｙ-170,1345,,,,,,
ＮＴほそおり-スノーホワイト-21-Ｙ-130,1252,,,,,,
ＮＴほそおり-ナチュラル-21-Ｙ-170,947,,,,,,
ＮＴラシャ-アサギ-21-Ｙ-100,1643,,,,,,
ＮＴラシャ-ウスクリーム-21-Ｙ-100,1583,,,,,,
ＮＴラシャ-ウスネズ-21-Ｙ-210,1406,,,,,,
ＮＴラシャ-ウスハナダ-21-Ｙ-100,1373,,,,,,
ＮＴラシャ-うすはなだ-21-Ｙ-100,1339,,,,,,
ＮＴラシャ-ギンネズ-21-Ｙ-130,880,,,,,,
ＮＴラシャ-グレー１０-21-Ｙ-210,1389,,,,,,
ＮＴラシャ-グンジョウ-21-Ｙ-130,1419,,,,,,
ＮＴラシャ-コイミドリ-21-Ｙ-130,1253,,,,,,
ＮＴラシャ-シロ-21-Ｙ-100,1518,,,,,,
ＮＴラシャ-スノーホワイト-21-Ｙ-130,1645,,,,,,
ＮＴラシャ-スノーホワイト-23-Ｙ-69.5,1338,,ＮＴラシャ,スノーホワイト,23,Ｙ,69.5
ＮＴラシャ-タバコ-21-Ｙ-100,1644,,,,,,
ＮＴラシャ-にぶ緑-21-Ｙ-100,1390,,,,,,
ＮＴラシャ-ネズミ-21-Ｙ-210,1642,,,,,,
ＮＴラシャ-フジ-21-Ｙ-130,273,,,,,,
ＮＴラシャ-濃あい-21-Ｙ-130,1238,,,,,,
ＮＴラシャ-無垢-21-Ｙ-130,1513,,,,,,
ＮＴラシャ-無垢-21-Ｙ-210,1512,,,,,,
ＯＣＲ-23-Ｔ-62.5,669,,,,,,
ＯＫＡＣカード＃２５０-ウスミズ-21-Ｔ-222,1404,,,,,,
ＯＫＡＣカード＃２５０-濃クリーム-21-Ｔ-222,1403,,,,,,
ＯＫＡＣカード＃３５０-ウスクサ-21-Ｔ-309,1666,,,,,,
ＯＫアートポスト-21-Ｔ-200,981,,,,,,
ＯＫアートポスト-21-Ｙ-220,682,,,,,,
ＯＫアートポスト-23-Ｔ-125,123,,,,,,
ＯＫアートポスト-23-Ｔ-153,154,,,,,,
ＯＫアートポスト-23-Ｙ-111,258,,,,,,
ＯＫアートポスト-23-Ｙ-125,197,,,,,,
ＯＫアートポスト-23-Ｙ-125,197,,,,,,
ＯＫアートポスト-23-Ｙ-139,437,,,,,,
ＯＫアートポスト-23-Ｙ-139,437,,,,,,
ＯＫアートポスト-23-Ｙ-153,365,,,,,,
ＯＫアートポスト-23-Ｙ-167,926,,,,,,
ＯＫカイゼル-コイネズ-21-Ｙ-80,1186,,,,,,
ＯＫカイゼル-シロ-21-Ｙ-110,1402,,,,,,
ＯＫサンドカラー-ナス-21-Ｙ-120,1215,,,,,,
ＯＫトップコート-20-Ｙ-70.5,1281,,,,,,
ＯＫフェザーワルツ-ユキ-21-Ｙ-120,889,,,,,,
ＯＫフェザーワルツ-ユキ-21-Ｙ-170,1491,,,,,,
ＯＫフェザーワルツ-ワカクサ-21-Ｙ-120,1007,,,,,,
ＯＫマットコートグリーン１００-20-Ｙ-44.5,1397,,,,,,
ＯＫミューズガリバーエクストラ-ホワイトＳ-21-Ｙ-110,1646,,,,,,
ＯＫミューズガリバー-ナチュラル-31-Ｔ-93.5,1667,,,,,,
ＯＫミューズコットン-アオ-21-Ｙ-118,1216,,,,,,
ＯＫミューズコットン-アオフジ-21-Ｙ-118,1332,,,,,,
ＯＫミューズコットン-ウメチャ-21-Ｙ-118,1264,,,,,,
ＯＫミューズコットン-コンジョウ-21-Ｙ-118,1222,,,,,,
ＯＫミューズコットン-コンジョウ-21-Ｙ-118,1222,,,,,,
ＯＫミューズコットン-サケ-21-Ｙ-118,87,,,,,,
ＯＫミューズコットン-モモ-21-Ｙ-118,1384,,,,,,
ＯＫミューズリンター-スノーホワイト-21-Ｙ-120,108,,,,,,
ＯＫレインガード-21-Ｔ-135,691,,,,,,
ＯＫ金藤プラス-20-Ｙ-57.5,1298,,,,,,
ＯＫ金藤プラス-23-Ｙ-62.5,1329,,,,,,
ＯＫ金藤プラス-23-Ｙ-93.5,1364,,ＯＫ金藤プラス,23,Ｙ,93.5,
ＰＨＯ-21-Ｙ-160,275,,,,,,
ＲＶマット-20-Ｙ-44.5,23,,,,,,
ＲＶマット-20-Ｙ-44.5,23,,,,,,
ＲＶマット-20-Ｙ-44.5,23,,,,,,
ＲＶマット-20-Ｙ-44.5,23,,,,,,
ＲＶマット-20-Ｙ-44.5,23,,,,,,
ＲＶマット-20-Ｙ-44.5,23,,,,,,
ＲＶマット-20-Ｙ-44.5,23,,,,,,
ＲＶマット-20-Ｙ-44.5,23,,,,,,
ＲＶマット-20-Ｙ-44.5,23,,,,,,
ＴＳ－１-Ｎ－８-21-Ｙ-130,153,,,,,,
ＴＳ－１-Ｒ－５-21-Ｙ-100,1185,,,,,,
ＴＳギフト－１-ホワイト-21-Ｙ-200,1184,,,,,,
Ｖマット-20-Ｔ-57.5,853,,Ｖマット,20,Ｔ,57.5,
Ｖマット-20-Ｔ-70.5,504,,,,,,
Ｖマット-20-Ｙ-44.5,59,,,,,,
Ｖマット-20-Ｙ-44.5,59,,,,,,
Ｖマット-20-Ｙ-57.5,21,,,,,,
Ｖマット-20-Ｙ-62.5,1647,,,,,,
Ｖマット-20-Ｙ-70.5,56,,,,,,
Ｖマット-20-Ｙ-70.5,56,,,,,,
Ｖマット-20-Ｙ-70.5,56,,,,,,
Ｖマット-20-Ｙ-70.5,56,,,,,,
Ｖマット-20-Ｙ-86.5,72,,,,,,
Ｖマット-20-Ｙ-86.5,72,,,,,,
Ｖマット-21-Ｔ-110,7,,,,,,
Ｖマット-21-Ｔ-135,79,,,,,,
Ｖマット-21-Ｔ-180,1181,,,,,,
Ｖマット-21-Ｔ-70,114,,,,,,
Ｖマット-21-Ｔ-70,114,,,,,,
Ｖマット-21-Ｔ-70,114,,,,,,
Ｖマット-21-Ｔ-90,229,,,,,,
Ｖマット-21-Ｙ-110,883,,,,,,
Ｖマット-21-Ｙ-135,1490,,,,,,
Ｖマット-21-Ｙ-90,228,,Ｖマット,21,Ｙ,90,
Ｖマット-23-Ｔ-125,1182,,,,,,
Ｖマット-23-Ｔ-48.5,1422,,,,,,
Ｖマット-23-Ｔ-62.5,60,,,,,,
Ｖマット-23-Ｔ-76.5,210,,,,,,
Ｖマット-23-Ｔ-93.5,606,,,,,,
Ｖマット-23-Ｙ-125,230,,,,,,
Ｖマット-23-Ｙ-153,231,,,,,,
Ｖマット-23-Ｙ-153,231,,,,,,
Ｖマット-23-Ｙ-48.5,1077,,,,,,
Ｖマット-23-Ｙ-62.5,550,,,,,,
Ｖマット-23-Ｙ-76.5,134,,Ｖマット,23,Ｙ,76.5,
Ｖマット-23-Ｙ-93.5,80,,,,,,
Ｖマット-23-Ｙ-93.5,80,,,,,,
ＷＰＨＯ-21-Ｙ-180,279,,,,,,
ＷＰＨＯ-33-Ｔ-115,1530,,ＷＰＨＯ,33,Ｔ,115,
アイベストＷ-23-Ｙ-13.5,1050,,,,,,
アラベール-スノーホワイト-21-Ｙ-130,1520,,アラベール,スノーホワイト,21,Ｙ,130
アラベール-スノーホワイト-21-Ｙ-200,655,,,,,,
アラベール-スノーホワイト-23-Ｔ-111,1320,,,,,,
アラベール-スノーホワイト-23-Ｔ-76.5,580,,,,,,
アラベール-ホワイト-21-Ｙ-70,492,,,,,,
アラベール-ホワイト-23-Ｙ-111,1425,,,,,,
ありそ-22-Ｔ-60,107,,,,,,
ヴァンヌーボＶＧ-ホワイト-21-Ｙ-130,1196,,,,,,
ヴァンヌーボＶ-スノーホワイト-23-Ｔ-149.5,942,,,,,,
ヴァンヌーボＶ-ナチュラル-21-Ｙ-150,425,,,,,,
ウルトラユポＦＥＢ-＃１３０-21-Ｔ-1,1278,,,,,,
エコジャパンＲ-ツユクサ-21-Ｙ-100,527,,,,,,
エスプリＡＰ-23-Ｙ-139,747,,,,,,
エスプリＦＰ-23-Ｔ-93.5,937,,,,,,
エスプリＦＰ-23-Ｙ-125,287,,,,,,
エスプリＦＰ-23-Ｙ-125,287,,,,,,
エスプリＶ-21-Ｔ-210.5,1288,,,,,,
エスプリＶ-23-Ｔ-188,467,,,,,,
エスプリＶＮ-23-Ｔ-200,1650,,,,,,
エスプリＷ-23-Ｙ-93.5,289,,,,,,
エンボス布目-21-Ｔ-135,446,,,,,,
オーパーＦ－１５ＭＤＰ-20-Ｔ-1,1049,,,,,,
オーロラコート-23-Ｙ-125,124,,,,,,
かぐや-たちまち-21-Ｙ-170,1341,,,,,,
かぐや-上弦-21-Ｙ-90,1234,,,,,,
きぬもみ-ユキ-21-Ｙ-220,1473,,,,,,
キャストコートタック-27-Ｔ-1,537,,,,,,
きらびき-ＰＬ－１３５シロ-23-Ｙ-1,1082,,,,,,
キンマリＳＷ-20-Ｙ-86.5,1232,,,,,,
クラークケント-23-Ｔ-125,866,,,,,,
クラシコトレス-20-Ｔ-96,1328,,,,,,
グラフィーＣｏＣ-ナチュラルＧＳ-23-Ｙ-132,1220,,,,,,
ケンラン-クロ-21-Ｔ-360,1242,,,,,,
ケンラン-ホワイト-21-Ｙ-180,625,,,,,,
ゴールドアトラスＧ-24-Ｔ-92,666,,,,,,
コクヨワープロラベル-タイ－２１１１Ｎ－Ｗ-1-Ｔ-1,1200,,,,,,
こざと-夕凪-21-Ｙ-90,1260,,,,,,
コメカミ-ナチュラル-23-Ｙ-93.5,1353,,,,,,
サーブル-スノーホワイト-21-Ｔ-190,1651,,,,,,
サガンＧＡ-ヤマブキ-21-Ｙ-100,1342,,,,,,
ジェラードＧＡ-スノーホワイト-21-Ｙ-210,915,,,,,,
ジェラードＧＡ-ホワイト-21-Ｙ-130,1388,,,,,,
シェルリン-プレーン-21-Ｙ-180,1604,,,,,,
しこくてんれい-21-Ｔ-135,1393,,,,,,
しこくてんれい-ウスチャ-21-Ｔ-90,1649,,,,,,
しこくてんれい-シロ-21-Ｔ-110,282,,,,,,
しこくてんれい-シロ-21-Ｔ-135,283,,,,,,
しこくてんれい-シロ-21-Ｔ-180,284,,,,,,
しこくてんれい-シロ-21-Ｔ-60,1488,,,,,,
しこくてんれい-シロ-23-Ｔ-53.5,280,,,,,,
しこくてんれい-シロ-23-Ｙ-62.5,281,,,,,,
しこくてんれい-シロ-23-Ｙ-62.5,281,,,,,,
シナールＤＧグロス-20-Ｔ-57.5,55,,,,,,
シナールＤＧグロス-20-Ｔ-86.5,1335,,,,,,
シナールＤＧグロス-20-Ｙ-46.5,45,,,,,,
シナールＤＧグロス-20-Ｙ-46.5,45,,シナールＤＧグロス,20,Ｙ,46.5,
シナールＤＧグロス-20-Ｙ-46.5,45,,シナールＤＧグロス,20,Ｙ,46.5,
シナールＤＧグロス-20-Ｙ-46.5,45,,,,,,
シナールＤＧグロス-20-Ｙ-46.5,45,,,,,,
シナールＤＧグロス-20-Ｙ-46.5,45,,,,,,
シナールＤＧグロス-20-Ｙ-46.5,45,,,,,,
シナールＤＧグロス-20-Ｙ-46.5,45,,,,,,
シナールＤＧグロス-20-Ｙ-57.5,22,,,,,,
シナールＤＧグロス-20-Ｙ-57.5,22,,,,,,
シナールＤＧグロス-20-Ｙ-57.5,22,,,,,,
シナールＤＧグロス-20-Ｙ-70.5,58,,,,,,
シナールＤＧグロス-20-Ｙ-70.5,58,,,,,,
シナールＤＧグロス-20-Ｙ-86.5,1147,,シナールＤＧグロス,20,Ｙ,86.5,
シナールＤＧグロス-21-Ｔ-110,18,,,,,,
シナールＤＧグロス-21-Ｔ-110,18,,,,,,
シナールＤＧグロス-21-Ｔ-135,138,,,,,,
シナールＤＧグロス-21-Ｔ-73,1,,,,,,
シナールＤＧグロス-21-Ｔ-73,1,,,,,,
シナールＤＧグロス-21-Ｔ-73,1,,,,,,
シナールＤＧグロス-21-Ｔ-73,1,,,,,,
シナールＤＧグロス-21-Ｔ-90,387,,,,,,
シナールＤＧグロス-23-Ｔ-135,1340,,,,,,
シナールＤＧグロス-23-Ｔ-76.5,725,,,,,,
シナールＤＧグロス-23-Ｔ-93.5,169,,,,,,
シナールＤＧグロス-23-Ｙ-62.5,370,,,,,,
シナールＤＧグロス-23-Ｙ-76.5,54,,シナールＤＧグロス,23,Ｙ,76.5,
シナールＤＧグロス-23-Ｙ-93.5,15,,,,,,
シナールＤＧグロス-23-Ｙ-93.5,15,,,,,,
シナールＤＧグロス-23-Ｙ-93.5,15,,,,,,
シナールＤＧグロス-23-Ｙ-93.5,15,,,,,,
シナールＤＧグロス-23-Ｙ-93.5,15,,,,,,
シナールＤＧグロス-23-Ｙ-93.5,15,,,,,,
シナールＤＧグロス-くまけい-20-Ｙ-46.5,462,,,,,,
シナールＤＧグロス-くまけい-20-Ｙ-46.5,462,,,,,,
シナールプレミアム上質-23-Ｙ-38,1398,,,,,,
シャイナー-ユキ-21-Ｙ-120,1468,,,,,,
シャトン-20-Ｙ-35,96,,,,,,
シャトン-20-Ｙ-35,96,,,,,,
シャトン-20-Ｙ-44.5,208,,,,,,
ジャンフェルト-シロ-21-Ｙ-130,1209,,,,,,
ジョイボリー-23-Ｙ-12.5,456,,,,,,
シルバーダイヤ-20-Ｙ-44.5,588,,,,,,
シルバーダイヤ-21-Ｔ-110,767,,,,,,
シルバーダイヤＳ-20-Ｙ-44.5,1420,,シルバーダイヤＳ,20,Ｙ,44.5,
シルバーダイヤＳ-20-Ｙ-57.5,1201,,,,,,
シルバーダイヤＳ-20-Ｙ-70.5,1256,,,,,,
スタードリーム-オパール-21-Ｔ-209,935,,,,,,
スピカボンド-20-Ｙ-41.5,586,,,,,,
スピカボンド-20-Ｙ-41.5,586,,スピカボンド,20,Ｙ,41.5,
ソフトバルキー　スメ入り-アイボリー-21-Ｙ-90,1195,,,,,,
タイオウアトラス軽包装-24-Ｔ-65,463,,,,,,
タイオウアトラス軽包装-24-Ｔ-65,463,,,,,,
ダイヤペーク-21-Ｔ-180,1144,,,,,,
ダイヤボード-ＨＭ２０１５-21-Ｙ-1,1433,,,,,,
タント-Ｄ－６１-21-Ｙ-100,399,,,,,,
タント-Ｄ－６１-21-Ｙ-70,1352,,,,,,
タント-Ｄ－７０-21-Ｙ-70,1407,,,,,,
タント-Ｅ－６-21-Ｙ-100,1449,,,,,,
タント-Ｇ－６３-21-Ｙ-100,1408,,,,,,
タント-Ｇ－７２-21-Ｙ-100,1214,,,,,,
タント-Ｈ－６４-21-Ｙ-100,722,,,,,,
タント-Ｌ－５０-21-Ｙ-100,1539,,,,,,
タント-Ｌ－６７-21-Ｙ-100,1170,,,,,,
タント-Ｎ－６２-21-Ｙ-100,602,,,,,,
タント-Ｎ－６５-21-Ｙ-100,1652,,,,,,
タント-Ｎ－７-21-Ｙ-100,645,,,,,,
タント-Ｎ－８-21-Ｙ-100,769,,,,,,
タント-Ｎ－８-21-Ｙ-130,459,,,,,,
タント-Ｎ－８-21-Ｙ-180,564,,,,,,
タント-Ｎ－９-21-Ｙ-180,1330,,,,,,
タント-Ｏ－６１-21-Ｙ-100,50,,,,,,
タント-Ｐ－６０-21-Ｙ-100,686,,,,,,
タント-Ｒ－５-21-Ｙ-100,1653,,,,,,
タント-Ｓ－２-21-Ｙ-100,29,,,,,,
タント-Ｓ－３-21-Ｙ-100,1304,,,,,,
タント-Ｓ－７-21-Ｙ-180,1372,,,,,,
タント-Ｓ－８-21-Ｙ-100,1435,,,,,,
タント-Ｙ－１０-21-Ｙ-100,1463,,,,,,
テイクＧＡ－ＦＳ-21-Ｔ-110,1349,,,,,,
テイクＧＡ－ＦＳ-21-Ｔ-135,1350,,,,,,
テイクＧＡ－ＦＳ-23-Ｔ-76.5,1348,,,,,,
テーラー-シロ-21-Ｙ-68.5,1261,,,,,,
テンカラーエンボス皮しぼ-ジュンパク-21-Ｙ-260,1212,,,,,,
パールコート-21-Ｙ-135,1654,,,,,,
パールコート-ＦＳＣ認証-23-Ｙ-93.5,1438,,,,,,
パールコートＰ-20-Ｔ-57.5,1031,,,,,,
パールコートＰ-20-Ｔ-70.5,421,,,,,,
パールコートＰ-20-Ｙ-57.5,143,,,,,,
パールコートＰ-20-Ｙ-86.5,1362,,,,,,
パールコートＰ-21-Ｔ-135,139,,,,,,
パールコートＰ-21-Ｔ-90,1290,,,,,,
パールコートＰ-21-Ｙ-135,74,,パールコートＰ,21,Ｙ,135,
パールコートＰ-23-Ｔ-62,1655,,,,,,
パールコートＰ-23-Ｔ-62.5,687,,,,,,
パールコートＰ-23-Ｔ-76.5,1218,,,,,,
パールコートＰ-23-Ｔ-93.5,414,,,,,,
パールコートＰ-23-Ｙ-76.5,1240,,,,,,
パールコートＰ-23-Ｙ-76.5,1240,,,,,,
パールコートＰ-23-Ｙ-93.5,388,,,,,,
はまゆう-21-Ｔ-34.5,1354,,,,,,
はまゆう-21-Ｔ-38.5,1446,,,,,,
パミス-シロ-21-Ｙ-150,454,,,,,,
パミス-シロ-23-Ｙ-104,293,,,,,,
パミス-ユキ-21-Ｙ-200,1498,,,,,,
ハンマートーンＧＡ-キミドリ-21-Ｙ-100,1470,,,,,,
ハンマートーンＧＡ-プラチナホワイト-21-Ｙ-170,1411,,,,,,
ビオトープＧＡ－ＦＳ-ミッドナイトブルー-21-Ｙ-210,1207,,,,,,
ビオトープＧＡ－ＦＳ-モスグリーン-21-Ｙ-210,1208,,,,,,
ピズムマット-23-Ｙ-125,53,,,,,,
ビルカラー-雪-21-Ｙ-150,1441,,,,,,
ファーストヴィンテージ-アッシュ-21-Ｙ-86,1343,,,,,,
ファーストヴィンテージ-カシミヤ-21-Ｙ-206,1434,,,,,,
ファーストヴィンテージ-ベージュ-21-Ｙ-69,1532,,,,,,
フリューサンド-シロ-21-Ｔ-32,1472,,,,,,
プリンス上質-20-Ｙ-44.5,913,,,,,,
プリンス上質-21-Ｔ-55,110,,,,,,
プリンス上質-21-Ｔ-70,109,,,,,,
プリンス上質-21-Ｔ-70,109,,,,,,
プリンス上質-23-Ｔ-38,1396,,,,,,
プリンス上質エコグリーン-33-Ｙ-35,1509,,,,,,
ペルーラ-スノーホワイト-21-Ｙ-180,3,,,,,,
ポルカ-ソーダ-21-Ｙ-80,1412,,,,,,
ホワイトニューＶマット-20-Ｙ-70.5,236,,,,,,
ホワイトニューＶマット-21-Ｔ-110,412,,,,,,
ホワイトニューＶマット-21-Ｔ-90,782,,,,,,
ホワイトニューＶマット-23-Ｔ-76.5,1656,,,,,,
ホワイトニューＶマット-23-Ｙ-93.5,237,,,,,,
ホワイトピーチケント-21-Ｔ-180,303,,,,,,
ホワイトピーチケント-23-Ｔ-125,300,,,,,,
ホワイトピーチケント-23-Ｔ-139,1021,,,,,,
ホワイトピーチケント-23-Ｔ-93.5,1657,,,,,,
ホワイトピーチケント-23-Ｙ-111,1052,,,,,,
ホワイトピーチケント-23-Ｙ-184,304,,,,,,
ボンアイボリー-21-Ｔ-16.5,460,,,,,,
ボンアイボリー-21-Ｔ-18,253,,,,,,
ボンアイボリー-21-Ｔ-22.5,1270,,,,,,
ボンアイボリー-21-Ｔ-26.5,28,,,,,,
ボンアイボリー-21-Ｔ-31,389,,,,,,
ボンアイボリー-21-Ｙ-31,1284,,,,,,
ボンアイボリー-23-Ｙ-11.5,174,,,,,,
ボンアイボリー-23-Ｙ-14,98,,,,,,
ボンアイボリー-23-Ｙ-15.5,118,,,,,,
ボンアイボリー-23-Ｙ-15.5,118,,,,,,
ボンアイボリー-23-Ｙ-15.5,118,,,,,,
ボンアイボリー-23-Ｙ-18.5,24,,,,,,
ボンアイボリー-23-Ｙ-21.5,594,,,,,,
マーメイド-シロ-21-Ｙ-135,1439,,,,,,
マーメイド-シロ-21-Ｙ-210,605,,,,,,
マーメイド-ソラ-21-Ｙ-153,1292,,,,,,
マーメイド-タマゴ-21-Ｙ-115,1418,,,,,,
マットポスト-21-Ｔ-180,1024,,,,,,
マットポスト-23-Ｔ-153,209,,,,,,
マットポスト-23-Ｙ-104,255,,,,,,
マットポスト-23-Ｙ-125,75,,,,,,
マットポスト-23-Ｙ-125,75,,,,,,
マットポスト-23-Ｙ-153,117,,,,,,
マットポスト-23-Ｙ-153,117,,,,,,
マルウタックアート-27-Ｔ-1,1237,,,,,,
マルウタックアート-27-Ｔ-73,393,,,,,,
マルウタックアート-ウラＳ３本-41-Ｔ-73,1525,,,,,,
マルウタックアート強粘着-27-Ｔ-73,1423,,,,,,
マルウタック上質強粘着-27-Ｔ-70,628,,,,,,
マルウタック上質強粘着-41-Ｔ-70,1516,,,,,,
マルウタック上質訂正用-27-Ｔ-70,1370,,,,,,
ミセスＢ-スーパーホワイト-23-Ｙ-76.5,434,,,,,,
みやぎぬ-キヌ-21-Ｙ-170,173,,,,,,
みやぎぬ-キヌ-21-Ｙ-200,561,,,,,,
みやぎぬ-スイセン-21-Ｙ-200,1399,,,,,,
みやぎぬ-ツユクサ-21-Ｙ-200,63,,,,,,
ミラーコートＧ-21-Ｔ-135,1489,,,,,,
ミラーコートＰ-23-Ｙ-153,307,,,,,,
ミラーコートゴールド-21-Ｔ-110,1668,,,,,,
モデラトーンＧＡ-エキストラホワイト-21-Ｙ-135,1413,,,,,,
モデラトーンＧＡ-スノー-21-Ｙ-200,545,,,,,,
モデラトーンＧＡ-スノー-21-Ｙ-200,545,,,,,,
モデラトーンＧＡ-ナチュラル-21-Ｙ-135,577,,,,,,
もみがみ-シロ-21-Ｙ-110,1474,,,,,,
ユトリログロスマット-21-Ｔ-110,1325,,,,,,
ユトリログロスマット-23-Ｙ-93.5,201,,,,,,
ユトリログロスマットＮ-21-Ｔ-110,1324,,,,,,
ユトリロマットグリーン７０-20-Ｙ-44.5,30,,,,,,
ユトリロマットグリーン７０-20-Ｙ-44.5,30,,,,,,
ユトリロ上質-20-Ｙ-44.5,1351,,,,,,
ユトリロ上質-21-Ｔ-55,251,,,,,,
ユトリロ上質-25-Ｙ-26.5,47,,,,,,
ユトリロ上質グリーン７０-20-Ｙ-44.5,41,,,,,,
ユニテックＧＡ-ホワイト-21-Ｙ-130,1522,,,,,,
ユポＦＥＢ-＃１１０-21-Ｔ-1,1524,,,,,,
ユポＦＧＳ-＃８０-21-Ｔ-1,1162,,,,,,
ユポＦＲＢＷ-＃２００-21-Ｔ-1,1099,,,,,,
ユポタックＦＲＢ-ウラＳ１本-35-Ｔ-110,1523,,,,,,
ユポタックＦＲＢ-ウラＳ１本-35-Ｔ-110,1523,,,,,,
ライトスタッフＧＡ－ＦＳ-21-Ｙ-110,1658,,,,,,
ラフクリーム琥珀-20-Ｔ-45.5,167,,,,,,
ラフクリーム琥珀-21-Ｙ-66.5,1375,,,,,,
ラフクリーム琥珀-21-Ｙ-71.5,610,,,,,,
リ・シマメ-ウルトラホワイト-21-Ｙ-180,1368,,,,,,
ルミネッセンス-ニュートラルホワイト-21-Ｙ-220,1517,,,,,,
ルミネッセンス-マキシマムホワイト-23-Ｙ-153,1337,,,,,,
レザック６６-アオタケ-21-Ｙ-175,195,,,,,,
レザック６６-アオタケ-21-Ｙ-260,1249,,,,,,
レザック６６-アオネズ-21-Ｙ-175,64,,,,,,
レザック６６-アカ-21-Ｙ-260,640,,,,,,
レザック６６-アサギ-21-Ｙ-175,175,,,,,,
レザック６６-アボガド-21-Ｙ-130,1291,,,,,,
レザック６６-ウスミドリ-21-Ｙ-175,689,,,,,,
レザック６６-オークル-21-Ｙ-175,959,,,,,,
レザック６６-オリーブ-21-Ｙ-175,627,,,,,,
レザック６６-キ-21-Ｙ-175,692,,,,,,
レザック６６-クリーム-21-Ｙ-175,36,,,,,,
レザック６６-クリーム-21-Ｙ-215,1317,,,,,,
レザック６６-グリーン-21-Ｙ-175,1301,,,,,,
レザック６６-クロ-21-Ｙ-215,155,,,,,,
レザック６６-コソメ-21-Ｙ-215,34,,,,,,
レザック６６-サクラ-21-Ｙ-175,103,,,,,,
レザック６６-サクラ-21-Ｙ-215,1302,,,,,,
レザック６６-シロ-21-Ｙ-215,643,,,,,,
レザック６６-スカイ-21-Ｙ-175,37,,,,,,
レザック６６-スミレ-21-Ｙ-215,798,,,,,,
レザック６６-ゾウゲ-21-Ｙ-175,1369,,,,,,
レザック６６-ダイダイ-21-Ｙ-175,1247,,,,,,
レザック６６-ピンク-21-Ｙ-175,127,,,,,,
レザック６６-フジ-21-Ｙ-175,1022,,,,,,
レザック６６-ベージュ-21-Ｙ-175,35,,,,,,
レザック６６-ボタン-21-Ｙ-215,1262,,,,,,
レザック６６-ボタン-21-Ｙ-260,639,,,,,,
レザック６６-マリン-21-Ｙ-175,38,,,,,,
レザック６６-ミズイロ-21-Ｙ-175,1113,,,,,,
レザック６６-ミント-21-Ｙ-175,1273,,,,,,
レザック６６-ムラサキ-21-Ｙ-175,1380,,,,,,
レザック６６-ライトグリーン-21-Ｙ-175,982,,,,,,
レザック６６-ライトグリーン-21-Ｙ-260,1150,,,,,,
レザック６６-ライトグレー-21-Ｙ-175,185,,,,,,
レザック６６-ラクダ-21-Ｙ-175,649,,,,,,
レザック６６-レモン-21-Ｙ-175,203,,,,,,
レザック６６-レモン-21-Ｙ-175,203,,,,,,
レザック８０つむぎ-ウスズミ-21-Ｙ-210,1386,,,,,,
レザック８０つむぎ-コウゾ-21-Ｙ-120,1210,,,,,,
レザック８０つむぎ-シロ-21-Ｙ-170,685,,,,,,
レザック８０つむぎ-シロ-21-Ｙ-210,1213,,,,,,
レザック８０つむぎ-スイセン-21-Ｙ-210,1310,,,,,,
レザック８０つむぎ-ソラ-21-Ｙ-210,1243,,,,,,
レザック８０つむぎ-ハダ-21-Ｙ-210,688,,,,,,
レザック８０つむぎ-ヒスイ-21-Ｙ-170,1346,,,,,,
レザック８０つむぎ-ベニ-21-Ｙ-210,1250,,,,,,
レザック８０つむぎ-モエギ-21-Ｙ-170,1374,,,,,,
レザック８０つむぎ-モモ-21-Ｙ-210,1465,,,,,,
レザック８０つむぎ-よもぎ-21-Ｙ-210,1444,,,,,,
レザック８０つむぎ-炎色-21-Ｙ-120,1537,,,,,,
ロッキー-21-Ｔ-55,17,,,,,,
雲竜荒目-シロ-23-Ｙ-45.5,1296,,,,,,
艶塩ビ＃８０-39-Ｔ-1,538,,,,,,
紀州-アイボリー-20-Ｔ-50,1426,,,,,,
紀州-アイボリー-20-Ｔ-68.5,149,,,,,,
紀州-アイボリー-21-Ｔ-107,1483,,,,,,
紀州-アサギ-20-Ｔ-42,331,,,,,,
紀州-アサギ-20-Ｔ-68.5,333,,,,,,
紀州-アサギ-21-Ｔ-107,334,,,,,,
紀州-アサギ-21-Ｔ-52,1428,,,,,,
紀州-アサギ-21-Ｔ-66,1300,,,,,,
紀州-アマリリス-20-Ｔ-33,1382,,,,,,
紀州-アマリリス-20-Ｔ-68.5,1381,,,,,,
紀州-ウグイス-20-Ｔ-112.5,1308,,,,,,
紀州-ウグイス-20-Ｔ-33,336,,,,,,
紀州-ウグイス-20-Ｔ-42,104,,,,,,
紀州-ウグイス-20-Ｔ-50,337,,,,,,
紀州-ウグイス-20-Ｔ-50,337,,,,,,
紀州-ウグイス-20-Ｔ-50,337,,,,,,
紀州-ウグイス-20-Ｔ-68.5,100,,,,,,
紀州-ウグイス-20-Ｔ-84.5,1460,,,,,,
紀州-ウグイス-20-Ｙ-42,1424,,,,,,
紀州-ウグイス-21-Ｔ-132,983,,,,,,
紀州-ウグイス-21-Ｔ-66,986,,,,,,
紀州-ウグイス-21-Ｔ-78,338,,,,,,
紀州-ウスダイダイ-20-Ｔ-42,1455,,,,,,
紀州-ウスダイダイ-20-Ｔ-50,1176,,,,,,
紀州-ウスダイタイ-20-Ｔ-68.5,1379,,,,,,
紀州-ウスダイダイ-20-Ｔ-68.5,1023,,,,,,
紀州-オレンジ-20-Ｔ-33,473,,,,,,
紀州-オレンジ-20-Ｔ-42,10,,,,,,
紀州-オレンジ-20-Ｔ-42,10,,,,,,
紀州-オレンジ-20-Ｔ-50,340,,,,,,
紀州-オレンジ-20-Ｔ-50,340,,,,,,
紀州-オレンジ-20-Ｔ-68.5,105,,,,,,
紀州-オレンジ-20-Ｔ-68.5,105,,,,,,
紀州-オレンジ-20-Ｔ-68.5,105,,,,,,
紀州-オレンジ-21-Ｔ-1,1306,,,,,,
紀州-キ-20-Ｔ-33,1140,,,,,,
紀州-キ-20-Ｔ-42,11,,,,,,
紀州-キ-20-Ｔ-50,1227,,,,,,
紀州-キ-20-Ｔ-50,1227,,,,,,
紀州-キ-20-Ｔ-68.5,181,,,,,,
紀州-キ-21-Ｔ-107,1410,,,,,,
紀州-キ-21-Ｔ-107,1410,,,,,,
紀州-キ-21-Ｔ-52,503,,,,,,
紀州-キ-21-Ｔ-52,503,,,,,,
紀州-ギンネズ-20-Ｔ-50,128,,,,,,
紀州-ギンネズ-20-Ｔ-50,128,,,,,,
紀州-ギンネズ-20-Ｔ-68.5,199,,,,,,
紀州-ギンネズ-21-Ｔ-107,428,,,,,,
紀州-ギンネズ-21-Ｔ-52,158,,,,,,
紀州-ギンネズ-21-Ｔ-52,158,,,,,,
紀州-ギンネズ-21-Ｔ-78,342,,,,,,
紀州-クリーム-20-Ｔ-33,549,,,,,,
紀州-クリーム-20-Ｔ-42,343,,,,,,
紀州-クリーム-20-Ｔ-50,160,,,,,,
紀州-クリーム-20-Ｔ-68.5,423,,,,,,
紀州-クリーム-21-Ｔ-107,344,,,,,,
紀州-クリーム-21-Ｔ-66,1040,,,,,,
紀州-クリーム-21-Ｔ-78,650,,紀州,クリーム,21,Ｔ,78
紀州-コスモス-20-Ｔ-33,469,,,,,,
紀州-コスモス-20-Ｔ-42,346,,,,,,
紀州-コスモス-20-Ｔ-50,528,,,,,,
紀州-コスモス-20-Ｔ-68.5,102,,紀州,コスモス,20,Ｔ,68.5
紀州-コスモス-20-Ｔ-84.5,956,,,,,,
紀州-コスモス-21-Ｔ-107,1039,,,,,,
紀州-コスモス-21-Ｔ-176,1033,,,,,,
紀州-コスモス-21-Ｔ-78,1088,,,,,,
紀州-サーモン-20-Ｔ-112.5,1315,,,,,,
紀州-サーモン-20-Ｔ-42,347,,,,,,
紀州-サーモン-21-Ｔ-107,1436,,,,,,
紀州-サーモン-21-Ｔ-66,27,,,,,,
紀州-サクラ-20-Ｔ-33,382,,紀州,サクラ,20,Ｔ,33
紀州-サクラ-20-Ｔ-33,382,,,,,,
紀州-サクラ-20-Ｔ-42,180,,,,,,
紀州-サクラ-20-Ｔ-50,133,,,,,,
紀州-サクラ-20-Ｔ-68.5,348,,,,,,
紀州-サクラ-20-Ｔ-68.5,348,,,,,,
紀州-サクラ-20-Ｔ-84.5,600,,,,,,
紀州-サクラ-21-Ｔ-107,1164,,紀州,サクラ,21,Ｔ,107
紀州-サクラ-21-Ｔ-132,1660,,,,,,
紀州-サクラ-21-Ｔ-66,629,,,,,,
紀州-サクラ-21-Ｔ-78,1500,,,,,,
紀州-シラチャ-20-Ｔ-42,521,,,,,,
紀州-シラチャ-20-Ｔ-50,1228,,,,,,
紀州-シラチャ-20-Ｔ-68.5,378,,,,,,
紀州-シラチャ-20-Ｔ-68.5,378,,,,,,
紀州-シラチャ-20-Ｔ-84.5,1283,,,,,,
紀州-シラチャ-21-Ｔ-107,42,,,,,,
紀州-シラチャ-21-Ｔ-66,1447,,,,,,
紀州-シロ-20-Ｔ-42,816,,,,,,
紀州-ソラ-20-Ｔ-33,505,,,,,,
紀州-ソラ-20-Ｔ-42,66,,,,,,
紀州-ソラ-20-Ｔ-50,1282,,,,,,
紀州-ソラ-20-Ｔ-68.5,111,,,,,,
紀州-ソラ-20-Ｔ-84.5,67,,,,,,
紀州-ソラ-21-Ｔ-107,1004,,,,,,
紀州-ソラ-21-Ｔ-176,1322,,,,,,
紀州-ソラ-21-Ｔ-66,183,,,,,,
紀州-ビワ-20-Ｔ-112.5,1305,,,,,,
紀州-ビワ-20-Ｔ-42,411,,,,,,
紀州-ビワ-20-Ｔ-68.5,13,,,,,,
紀州-ビワ-20-Ｔ-84.5,1026,,,,,,
紀州-フジ-20-Ｔ-42,410,,,,,,
紀州-フジ-20-Ｔ-50,1071,,,,,,
紀州-フジ-20-Ｔ-68.5,1047,,,,,,
紀州-フジ-21-Ｔ-52,157,,,,,,
紀州-フジ-21-Ｔ-52,157,,,,,,
紀州-フジ-21-Ｔ-78,1271,,,,,,
紀州-ブルー-20-Ｔ-42,196,,紀州,ブルー,20,Ｔ,42
紀州-ブルー-20-Ｔ-50,1461,,,,,,
紀州-ブルー-20-Ｔ-68.5,140,,,,,,
紀州-プルー-21-Ｔ-107,1258,,,,,,
紀州-ブルー-21-Ｔ-176,681,,,,,,
紀州-ブルー-21-Ｔ-66,1450,,,,,,
紀州-ブルー-21-Ｔ-78,1043,,,,,,
紀州-ミズ-20-Ｔ-33,429,,,,,,
紀州-ミズ-20-Ｔ-42,408,,,,,,
紀州-ミズ-20-Ｔ-50,351,,,,,,
紀州-ミズ-20-Ｔ-68.5,101,,,,,,
紀州-ミズ-20-Ｔ-68.5,101,,,,,,
紀州-ミズ-20-Ｔ-68.5,101,,,,,,
紀州-ミズ-20-Ｔ-84.5,385,,,,,,
紀州-ミズ-20-Ｙ-50,1514,,,,,,
紀州-ミズ-20-Ｙ-50,1514,,,,,,
紀州-ミズ-20-Ｙ-68.5,1659,,,,,,
紀州-ミズ-21-Ｔ-107,170,,,,,,
紀州-ミズ-21-Ｔ-107,170,,,,,,
紀州-ミズ-21-Ｔ-132,1417,,,,,,
紀州-ミズ-21-Ｔ-52,156,,,,,,
紀州-ミズ-21-Ｔ-52,156,,,,,,
紀州-ミズ-21-Ｔ-52,156,,,,,,
紀州-ミズ-21-Ｔ-66,1442,,,,,,
紀州-ミズ-21-Ｔ-78,129,,,,,,
紀州-ミドリ-20-Ｔ-42,458,,,,,,
紀州-ミドリ-20-Ｔ-68.5,855,,,,,,
紀州-ミドリ-20-Ｔ-84.5,1376,,,,,,
紀州-ミドリ-21-Ｔ-66,506,,,,,,
紀州-モエギ-20-Ｔ-42,612,,,,,,
紀州-モエギ-20-Ｔ-50,819,,,,,,
紀州-モエギ-20-Ｔ-68.5,207,,,,,,
紀州-モエギ-20-Ｔ-68.5,207,,,,,,
紀州-モエギ-21-Ｔ-107,164,,,,,,
紀州-モエギ-21-Ｔ-52,1429,,,,,,
紀州-モモ-20-Ｔ-33,215,,,,,,
紀州-モモ-20-Ｔ-42,352,,,,,,
紀州-モモ-20-Ｔ-50,532,,,,,,
紀州-モモ-20-Ｔ-50,532,,,,,,
紀州-モモ-20-Ｔ-50,532,,,,,,
紀州-モモ-20-Ｔ-68.5,43,,,,,,
紀州-モモ-20-Ｔ-84.5,1405,,,,,,
紀州-モモ-21-Ｔ-107,171,,,,,,
紀州-モモ-21-Ｔ-176,1229,,,,,,
紀州-ヤマブキ-20-Ｔ-42,900,,,,,,
紀州-ヤマブキ-20-Ｔ-68.5,25,,,,,,
紀州-ヤマブキ-21-Ｔ-107,1241,,,,,,
紀州-ヤマブキ-21-Ｔ-132,514,,,,,,
紀州-ヤマブキ-21-Ｔ-52,189,,,,,,
紀州-ヤマブキ-21-Ｔ-78,1462,,,,,,
紀州ラップ-24-Ｔ-54,202,,,,,,
紀州ラップ-24-Ｔ-54,202,,紀州ラップ,24,Ｔ,54,
紀州ラップ-24-Ｔ-65,1137,,紀州ラップ,24,Ｔ,65,
紀州ラップ-24-Ｔ-86.5,479,,,,,,
紀州-ラベンダー-20-Ｔ-42,1294,,,,,,
紀州-ラベンダー-20-Ｔ-68.5,353,,,,,,
紀州-ラベンダー-20-Ｔ-84.5,1293,,,,,,
紀州-ラベンダー-21-Ｔ-107,1503,,,,,,
紀州-リンドウ-20-Ｔ-42,9,,,,,,
紀州-リンドウ-20-Ｔ-50,380,,,,,,
紀州-リンドウ-20-Ｔ-68.5,131,,,,,,
紀州-リンドウ-21-Ｔ-107,1010,,,,,,
紀州-リンドウＮ-20-Ｔ-42,1254,,,,,,
紀州-レモン-20-Ｔ-50,1319,,,,,,
紀州-レモン-20-Ｔ-68.5,141,,,,,,
紀州-レモン-20-Ｔ-68.5,141,,,,,,
紀州-レモン-20-Ｔ-84.5,948,,,,,,
紀州-レモン-20-Ｙ-68.5,1303,,,,,,
紀州-レモン-20-Ｙ-84.5,1416,,,,,,
紀州-レモン-21-Ｔ-107,647,,,,,,
紀州-レモン-21-Ｔ-107,647,,,,,,
紀州-レモン-21-Ｔ-52,162,,,,,,
紀州-レモン-21-Ｔ-66,1451,,,,,,
紀州-ワカクサ-20-Ｔ-33,1415,,,,,,
紀州-ワカクサ-20-Ｔ-42,168,,,,,,
紀州-ワカクサ-20-Ｔ-68.5,354,,,,,,
紀州-ワカクサ-21-Ｔ-107,44,,,,,,
紀州-ワカクサ-21-Ｔ-107,44,,,,,,
紀州-ワカクサ-21-Ｔ-176,112,,,,,,
紀州-ワカクサ-21-Ｔ-52,1318,,,,,,
紀州-ワカタケ-20-Ｔ-33,438,,,,,,
紀州-ワカタケ-20-Ｔ-42,1012,,,,,,
紀州-ワカタケ-20-Ｔ-68.5,176,,,,,,
紀州-ワカタケ-20-Ｔ-68.5,176,,,,,,
紀州-ワカタケ-21-Ｔ-66,1452,,,,,,
紀州晒クラフト-24-Ｔ-129,1395,,,,,,
紀州-晒クラフト-24-Ｔ-75.5,1377,,,,,,
紀州上質-20-Ｔ-44.5,705,,,,,,
紀州-濃クリーム-20-Ｔ-33,466,,,,,,
紀州-濃クリーム-20-Ｔ-42,92,,,,,,
紀州-濃クリーム-20-Ｔ-42,92,,,,,,
紀州-濃クリーム-20-Ｔ-50,356,,,,,,
紀州-濃クリーム-21-Ｔ-66,377,,,,,,
偽造防止用紙-Ａ４-1-Ｔ-1,1334,,,,,,
菊水和紙局紙赤口№２０２３厚口-32-Ｙ-1,700,,,,,,
玉しきみずたま-シロ-21-Ｙ-90,1443,,,,,,
銀竹-24-Ｔ-90,1661,,,,,,
銀竹クラフト-24-Ｔ-72,484,,,,,,
銀竹クラフト-24-Ｔ-90,126,,,,,,
啓Ｖマット-21-Ｔ-135,909,,,,,,
啓Ｖマット-21-Ｔ-70,906,,,,,,
啓ありそ-21-Ｔ-60,1662,,,,,,
啓ありそ-22-Ｔ-60,910,,,,,,
啓ありそ-22-Ｔ-60,910,,,,,,
啓ありそ-25-Ｙ-30,1127,,,,,,
啓インペリアルマット-21-Ｔ-180,911,,,,,,
啓オーロラコート-21-Ｔ-180,907,,,,,,
啓オーロラコート-21-Ｔ-180,907,,,,,,
啓オーロラコート-21-Ｔ-180,907,,,,,,
啓オーロラコート-21-Ｔ-180,907,,,,,,
啓オーロラコート-23-Ｙ-125,1526,,,,,,
啓プリンス上質-22-Ｔ-53,1110,,,,,,
啓ホワイトニューＶマット-21-Ｔ-135,1259,,,,,,
啓紀州上質-22-Ｔ-53,905,,,,,,
啓雷鳥上質-22-Ｔ-53,912,,,,,,
啓雷鳥上質-22-Ｔ-53,912,,,,,,
啓雷鳥上質-22-Ｔ-53,912,,,,,,
五感紙荒目-アサギ-21-Ｙ-135,1358,,,,,,
五感紙荒目-ルリ-21-Ｙ-135,1357,,,,,,
五條スペシャリティーズ№２１５－２５６-21-Ｔ-22,368,,,,,,
江戸小染うろこ-シロ-21-Ｙ-175,1392,,,,,,
晒クラフト-21-Ｔ-60,1344,,,,,,
晒竜王Ｗ-24-Ｔ-151,1321,,,,,,
晒竜王Ｗ-24-Ｔ-54,311,,,,,,
晒竜王Ｗ-24-Ｔ-75.5,618,,,,,,
晒竜王Ｗ-24-Ｔ-86.5,312,,,,,,
新だん紙-キナリ-21-Ｙ-160,1269,,新だん紙,キナリ,21,Ｙ,160
新だん紙-クリーム-21-Ｙ-160,1274,,,,,,
新だん紙-コイネズ-21-Ｙ-110,1211,,,,,,
新だん紙-シロ-21-Ｙ-160,1221,,,,,,
新だん紙-しんく-21-Ｙ-110,1432,,,,,,
新だん紙-ユキ-21-Ｙ-135,1197,,,,,,
新局紙-コソメ-21-Ｙ-100,1192,,,,,,
新局紙-シロ-21-Ｙ-100,1193,,,,,,
新局紙-シロ-21-Ｙ-80,1414,,,,,,
新草木染-あまがわ-21-Ｙ-64.5,851,,,,,,
新草木染-あまがわ-21-Ｙ-64.5,851,,,,,,
新草木染-スズメ色-21-Ｔ-47.5,1277,,,,,,
瑞穂　光梅-２１０３モモ-21-Ｙ-1,1224,,,,,,
瑞穂　光梅-２１０４フジ-21-Ｙ-1,1230,,,,,,
瑞穂　平成　№３３１４-ネズミ-21-Ｙ-1,1327,,,,,,
瑞穂雲竜大礼紙クリーム-＃３００２-21-Ｙ-1,1285,,,,,,
瑞穂純白-6451-21-Ｙ-90,1663,,,,,,
星高奉書紙-特白-21-Ｔ-51.5,679,,,,,,
星高奉書紙-特白-21-Ｔ-60,1492,,,,,,
大王色上質-シロ-21-Ｔ-107,1469,,,,,,
大王製紙-シロ-20-Ｔ-68.5,1361,,,,,,
大王製紙-シロ-20-Ｔ-84.5,1360,,,,,,
大王製紙-シロ-21-Ｔ-107,830,,,,,,
訂正用上質タック-Ｓ－１-27-Ｔ-70,1323,,,,,,
日本製紙-アサギ-20-Ｔ-42,713,,,,,,
日本製紙-ウスベニ-21-Ｔ-78,1484,,,,,,
日本製紙-クリーム-20-Ｔ-42,146,,,,,,
日本製紙-クリーム-20-Ｔ-50,707,,,,,,
日本製紙-ピュアピンク-20-Ｔ-42,358,,,,,,
日本製紙-ピュアピンク-20-Ｔ-68.5,213,,,,,,
日本製紙-ピュアピンク-20-Ｔ-68.5,213,,,,,,
日本製紙-ピュアピンク-21-Ｔ-52,597,,,,,,
日本製紙-ピュアピンク-21-Ｔ-66,642,,,,,,
日本製紙-ピュアライトブルー-20-Ｔ-42,360,,,,,,
日本製紙-ピュアライトブルー-20-Ｔ-68.5,1421,,,,,,
日本製紙-フジ-20-Ｔ-42,1276,,,,,,
日本製紙-ブルー-20-Ｔ-68.5,1356,,,,,,
日本製紙-ミドリ-20-Ｔ-68.5,1275,,,,,,
白銀-21-Ｔ-38.5,318,,,,,,
白銀-21-Ｔ-43,319,,,,,,
白銀-21-Ｔ-43,319,,,,,,
白銀-21-Ｔ-43,319,,,,,,
白銀-21-Ｔ-43,319,,,,,,
白銀-23-Ｙ-30,1114,,,,,,
薄模造-金華-21-Ｔ-30,1279,,,,,,
奉書紙しろたえ-21-Ｙ-65,533,,,,,,
奉書紙特白-№６３７８-21-Ｔ-60,1268,,,,,,
北越アートポスト-23-Ｔ-111,390,,,,,,
北越アートポスト-23-Ｔ-125,70,,,,,,
北越アートポスト-23-Ｙ-153,57,,,,,,
北雪ケントＣｏＣ-21-Ｔ-225,1504,,,,,,
北雪ケントＣｏＣ-21-Ｔ-265,1454,,,,,,
北雪ケントＣｏＣ-23-Ｙ-125,1427,,,,,,
羊皮紙-キナリ-21-Ｙ-80,1464,,,,,,
雷鳥上質-20-Ｙ-44.5,78,,,,,,
雷鳥上質-20-Ｙ-44.5,78,,,,,,
雷鳥上質-20-Ｙ-44.5,78,,,,,,
雷鳥上質-20-Ｙ-44.5,78,,,,,,
雷鳥上質-20-Ｙ-44.5,78,,,,,,
雷鳥上質-21-Ｔ-110,696,,,,,,
雷鳥上質-21-Ｔ-55,1307,,,,,,
雷鳥上質-21-Ｔ-55,1307,,,,,,
雷鳥上質-21-Ｔ-70,1385,,,,,,
雷鳥上質-22-Ｔ-53,115,,,,,,
雷鳥上質-23-Ｔ-38,1297,,,,,,
雷鳥上質-くまけい-20-Ｙ-44.5,461,,,,,,
雷鳥上質-くまけい-20-Ｙ-44.5,461,,,,,,
里紙-アンズ-21-Ｙ-130,1387,,,,,,
里紙-イネ-21-Ｙ-100,1475,,,,,,
里紙-ウコン-21-Ｙ-100,1367,,,,,,
里紙-カキ-21-Ｙ-100,1665,,,,,,
里紙-キナリ-21-Ｙ-100,82,,,,,,
里紙-キナリ-21-Ｙ-130,1371,,,,,,
里紙-クリ-21-Ｙ-130,1466,,,,,,
里紙-ショウブ-21-Ｙ-130,1400,,,,,,
里紙-シロ-21-Ｙ-100,571,,,,,,
里紙-スミ-21-Ｙ-100,1251,,,,,,
里紙-セイジ-21-Ｙ-100,1664,,,,,,
里紙-トキ-21-Ｙ-100,888,,,,,,
里紙-ユキ-21-Ｙ-100,1391,,,,,,
和紙　栄光紙-シロ№６７７-21-Ｔ-1,1266,,,,,,
和紙　栄光紙-肌№６７８-21-Ｔ-1,1267,,,,,,
琥珀-20-Ｔ-46.5,51,,,,,,
琥珀-20-Ｔ-57.5,31,,,,,,
琥珀-20-Ｔ-57.5,31,,,,,,
琥珀-20-Ｙ-36.5,26,,,,,,
琥珀-20-Ｙ-36.5,26,,琥珀,20,Ｙ,36.5,
琥珀-20-Ｙ-36.5,26,,,,,,
琥珀-20-Ｙ-36.5,26,,,,,,
琥珀-20-Ｙ-36.5,26,,,,,,
琥珀-20-Ｙ-36.5,26,,,,,,
琥珀-20-Ｙ-46.5,86,,,,,,
琥珀-20-Ｙ-57.5,20,,,,,,
琥珀-21-Ｔ-90,644,,,,,,
琥珀-21-Ｙ-72.5,84,,琥珀,21,Ｙ,72.5,
琥珀-22-Ｔ-55,1225,,琥珀,22,Ｔ,55,
琥珀-22-Ｔ-60,1265,,,,,,
琥珀-22-Ｔ-70,485,,,,,,
